{
  "signin/themes/default-bootstrap/img/icon/form-error.png-136" : {
    "transaction" : "signin/themes/default-bootstrap/img/icon/form-error.png-136",
    "sampleCount" : 3,
    "errorCount" : 0,
    "errorPct" : 0.0,
    "meanResTime" : 316.3333333333333,
    "medianResTime" : 307.0,
    "minResTime" : 264.0,
    "maxResTime" : 378.0,
    "pct1ResTime" : 378.0,
    "pct2ResTime" : 378.0,
    "pct3ResTime" : 378.0,
    "throughput" : 1.178318931657502,
    "receivedKBytesPerSec" : 0.4959525972113119,
    "sentKBytesPerSec" : 0.4533766201885311
  },
  "signin/index.php?controller=authentication-137" : {
    "transaction" : "signin/index.php?controller=authentication-137",
    "sampleCount" : 3,
    "errorCount" : 0,
    "errorPct" : 0.0,
    "meanResTime" : 12301.333333333334,
    "medianResTime" : 11998.0,
    "minResTime" : 11569.0,
    "maxResTime" : 13337.0,
    "pct1ResTime" : 13337.0,
    "pct2ResTime" : 13337.0,
    "pct3ResTime" : 13337.0,
    "throughput" : 0.21008403361344538,
    "receivedKBytesPerSec" : 7.344187675070028,
    "sentKBytesPerSec" : 0.1321231617647059
  },
  "signin/js/validate.js-134" : {
    "transaction" : "signin/js/validate.js-134",
    "sampleCount" : 3,
    "errorCount" : 0,
    "errorPct" : 0.0,
    "meanResTime" : 359.0,
    "medianResTime" : 274.0,
    "minResTime" : 234.0,
    "maxResTime" : 569.0,
    "pct1ResTime" : 569.0,
    "pct2ResTime" : 569.0,
    "pct3ResTime" : 569.0,
    "throughput" : 1.2285012285012284,
    "receivedKBytesPerSec" : 25.70134943181818,
    "sentKBytesPerSec" : 0.4198978808353808
  },
  "signin/themes/default-bootstrap/js/tools/statesManagement.js-132" : {
    "transaction" : "signin/themes/default-bootstrap/js/tools/statesManagement.js-132",
    "sampleCount" : 3,
    "errorCount" : 0,
    "errorPct" : 0.0,
    "meanResTime" : 303.3333333333333,
    "medianResTime" : 304.0,
    "minResTime" : 300.0,
    "maxResTime" : 306.0,
    "pct1ResTime" : 306.0,
    "pct2ResTime" : 306.0,
    "pct3ResTime" : 306.0,
    "throughput" : 1.1741682974559686,
    "receivedKBytesPerSec" : 6.45333904109589,
    "sentKBytesPerSec" : 0.44604635518590996
  },
  "signin/themes/default-bootstrap/css/authentication.css-129" : {
    "transaction" : "signin/themes/default-bootstrap/css/authentication.css-129",
    "sampleCount" : 3,
    "errorCount" : 0,
    "errorPct" : 0.0,
    "meanResTime" : 281.0,
    "medianResTime" : 306.0,
    "minResTime" : 230.0,
    "maxResTime" : 307.0,
    "pct1ResTime" : 307.0,
    "pct2ResTime" : 307.0,
    "pct3ResTime" : 307.0,
    "throughput" : 1.1732499022291747,
    "receivedKBytesPerSec" : 1.2557440359796637,
    "sentKBytesPerSec" : 0.45600923934298004
  },
  "signin/themes/default-bootstrap/js/authentication.js-133" : {
    "transaction" : "signin/themes/default-bootstrap/js/authentication.js-133",
    "sampleCount" : 3,
    "errorCount" : 0,
    "errorPct" : 0.0,
    "meanResTime" : 276.6666666666667,
    "medianResTime" : 291.0,
    "minResTime" : 233.0,
    "maxResTime" : 306.0,
    "pct1ResTime" : 306.0,
    "pct2ResTime" : 306.0,
    "pct3ResTime" : 306.0,
    "throughput" : 1.2004801920768307,
    "receivedKBytesPerSec" : 3.634266206482593,
    "sentKBytesPerSec" : 0.44666304021608644
  },
  "Login/-125" : {
    "transaction" : "Login/-125",
    "sampleCount" : 3,
    "errorCount" : 0,
    "errorPct" : 0.0,
    "meanResTime" : 13076.333333333334,
    "medianResTime" : 13026.0,
    "minResTime" : 12914.0,
    "maxResTime" : 13289.0,
    "pct1ResTime" : 13289.0,
    "pct2ResTime" : 13289.0,
    "pct3ResTime" : 13289.0,
    "throughput" : 0.22575062081420724,
    "receivedKBytesPerSec" : 18.205773454548876,
    "sentKBytesPerSec" : 0.15895136485062833
  },
  "Login/-125-0" : {
    "transaction" : "Login/-125-0",
    "sampleCount" : 3,
    "errorCount" : 0,
    "errorPct" : 0.0,
    "meanResTime" : 6465.666666666667,
    "medianResTime" : 6448.0,
    "minResTime" : 6130.0,
    "maxResTime" : 6819.0,
    "pct1ResTime" : 6819.0,
    "pct2ResTime" : 6819.0,
    "pct3ResTime" : 6819.0,
    "throughput" : 0.4398826979472141,
    "receivedKBytesPerSec" : 0.13144932184750732,
    "sentKBytesPerSec" : 0.15292796920821114
  },
  "signin/index.php-127" : {
    "transaction" : "signin/index.php-127",
    "sampleCount" : 3,
    "errorCount" : 0,
    "errorPct" : 0.0,
    "meanResTime" : 20566.666666666668,
    "medianResTime" : 20158.0,
    "minResTime" : 19755.0,
    "maxResTime" : 21787.0,
    "pct1ResTime" : 21787.0,
    "pct2ResTime" : 21787.0,
    "pct3ResTime" : 21787.0,
    "throughput" : 0.13634504385765578,
    "receivedKBytesPerSec" : 4.80540828239331,
    "sentKBytesPerSec" : 0.11903561446166432
  },
  "Login/-125-1" : {
    "transaction" : "Login/-125-1",
    "sampleCount" : 3,
    "errorCount" : 0,
    "errorPct" : 0.0,
    "meanResTime" : 6608.333333333333,
    "medianResTime" : 6469.0,
    "minResTime" : 6466.0,
    "maxResTime" : 6890.0,
    "pct1ResTime" : 6890.0,
    "pct2ResTime" : 6890.0,
    "pct3ResTime" : 6890.0,
    "throughput" : 0.42176296921130324,
    "receivedKBytesPerSec" : 33.887254191269506,
    "sentKBytesPerSec" : 0.15033543336145086
  },
  "signin/index.php-127-1" : {
    "transaction" : "signin/index.php-127-1",
    "sampleCount" : 3,
    "errorCount" : 0,
    "errorPct" : 0.0,
    "meanResTime" : 12740.0,
    "medianResTime" : 12813.0,
    "minResTime" : 12199.0,
    "maxResTime" : 13208.0,
    "pct1ResTime" : 13208.0,
    "pct2ResTime" : 13208.0,
    "pct3ResTime" : 13208.0,
    "throughput" : 0.20765556863016543,
    "receivedKBytesPerSec" : 7.202241382293902,
    "sentKBytesPerSec" : 0.09267440904686094
  },
  "Total" : {
    "transaction" : "Total",
    "sampleCount" : 42,
    "errorCount" : 0,
    "errorPct" : 0.0,
    "meanResTime" : 5834.214285714286,
    "medianResTime" : 3349.5,
    "minResTime" : 230.0,
    "maxResTime" : 21787.0,
    "pct1ResTime" : 13322.6,
    "pct2ResTime" : 20097.55,
    "pct3ResTime" : 21787.0,
    "throughput" : 0.8549444286121402,
    "receivedKBytesPerSec" : 18.466584967736026,
    "sentKBytesPerSec" : 0.39031886755485895
  },
  "signin/index.php-127-0" : {
    "transaction" : "signin/index.php-127-0",
    "sampleCount" : 3,
    "errorCount" : 0,
    "errorPct" : 0.0,
    "meanResTime" : 7826.333333333333,
    "medianResTime" : 7556.0,
    "minResTime" : 7345.0,
    "maxResTime" : 8578.0,
    "pct1ResTime" : 8578.0,
    "pct2ResTime" : 8578.0,
    "pct3ResTime" : 8578.0,
    "throughput" : 0.3411416875142142,
    "receivedKBytesPerSec" : 0.19133695559472366,
    "sentKBytesPerSec" : 0.14558488031612463
  },
  "signin/themes/default-bootstrap/js/tools/vatManagement.js-131" : {
    "transaction" : "signin/themes/default-bootstrap/js/tools/vatManagement.js-131",
    "sampleCount" : 3,
    "errorCount" : 0,
    "errorPct" : 0.0,
    "meanResTime" : 271.0,
    "medianResTime" : 279.0,
    "minResTime" : 231.0,
    "maxResTime" : 303.0,
    "pct1ResTime" : 303.0,
    "pct2ResTime" : 303.0,
    "pct3ResTime" : 303.0,
    "throughput" : 1.2091898428053203,
    "receivedKBytesPerSec" : 2.695879307738815,
    "sentKBytesPerSec" : 0.45580788996372434
  },
  "signin/js/jquery/plugins/jquery.typewatch.js-130" : {
    "transaction" : "signin/js/jquery/plugins/jquery.typewatch.js-130",
    "sampleCount" : 3,
    "errorCount" : 0,
    "errorPct" : 0.0,
    "meanResTime" : 287.0,
    "medianResTime" : 279.0,
    "minResTime" : 263.0,
    "maxResTime" : 319.0,
    "pct1ResTime" : 319.0,
    "pct2ResTime" : 319.0,
    "pct3ResTime" : 319.0,
    "throughput" : 1.2214983713355048,
    "receivedKBytesPerSec" : 3.045395841815961,
    "sentKBytesPerSec" : 0.44494032471498374
  }
}