timeStamp,elapsed,label,responseCode,responseMessage,threadName,dataType,success,failureMessage,bytes,sentBytes,grpThreads,allThreads,URL,Latency,IdleTime,Connect
1661259428546,13026,Login/-125,200,OK,Thread Group 1-2,text,true,,82581,721,3,3,http://automationpractice.com/index.php,6130,0,266
1661259428546,6130,Login/-125-0,302,Moved,Thread Group 1-2,text,true,,306,356,3,3,http://automationpractice.com/,6130,0,266
1661259434682,6890,Login/-125-1,200,OK,Thread Group 1-2,text,true,,82275,365,3,3,http://automationpractice.com/index.php,5967,0,0
1661259428878,12914,Login/-125,200,OK,Thread Group 1-3,text,true,,82585,721,3,3,http://automationpractice.com/index.php,6448,0,227
1661259428878,6448,Login/-125-0,302,Moved,Thread Group 1-3,text,true,,306,356,3,3,http://automationpractice.com/,6448,0,227
1661259435326,6466,Login/-125-1,200,OK,Thread Group 1-3,text,true,,82279,365,3,3,http://automationpractice.com/index.php,5630,0,0
1661259428506,13289,Login/-125,200,OK,Thread Group 1-1,text,true,,82577,721,3,3,http://automationpractice.com/index.php,6819,0,262
1661259428506,6819,Login/-125-0,302,Moved,Thread Group 1-1,text,true,,306,356,3,3,http://automationpractice.com/,6819,0,262
1661259435326,6469,Login/-125-1,200,OK,Thread Group 1-1,text,true,,82271,365,3,3,http://automationpractice.com/index.php,5630,0,0
1661259441580,19755,signin/index.php-127,200,OK,Thread Group 1-2,text,true,,36085,894,3,3,http://automationpractice.com/index.php?controller=authentication&back=my-account,7556,0,0
1661259441580,7556,signin/index.php-127-0,302,Moved Temporarily,Thread Group 1-2,text,true,,573,437,3,3,http://automationpractice.com/index.php?controller=my-account,7556,0,0
1661259449136,12199,signin/index.php-127-1,200,OK,Thread Group 1-2,text,true,,35512,457,3,3,http://automationpractice.com/index.php?controller=authentication&back=my-account,11584,0,0
1661259461337,304,signin/themes/default-bootstrap/js/tools/statesManagement.js-132,200,OK,Thread Group 1-2,text,true,,5628,389,3,3,http://automationpractice.com/themes/default-bootstrap/js/tools/statesManagement.js,304,0,0
1661259461642,307,signin/themes/default-bootstrap/css/authentication.css-129,200,OK,Thread Group 1-2,text,true,,1096,398,3,3,http://automationpractice.com/themes/default-bootstrap/css/authentication.css,307,0,0
1661259441794,20158,signin/index.php-127,200,OK,Thread Group 1-3,text,true,,36091,894,3,3,http://automationpractice.com/index.php?controller=authentication&back=my-account,7345,0,0
1661259441794,7345,signin/index.php-127-0,302,Moved Temporarily,Thread Group 1-3,text,true,,573,437,3,3,http://automationpractice.com/index.php?controller=my-account,7345,0,0
1661259449139,12813,signin/index.php-127-1,200,OK,Thread Group 1-3,text,true,,35518,457,3,3,http://automationpractice.com/index.php?controller=authentication&back=my-account,11884,0,0
1661259461953,300,signin/themes/default-bootstrap/js/tools/statesManagement.js-132,200,OK,Thread Group 1-3,text,true,,5628,389,3,3,http://automationpractice.com/themes/default-bootstrap/js/tools/statesManagement.js,300,0,0
1661259461950,303,signin/themes/default-bootstrap/js/tools/vatManagement.js-131,200,OK,Thread Group 1-2,text,true,,2283,386,3,3,http://automationpractice.com/themes/default-bootstrap/js/tools/vatManagement.js,303,0,0
1661259462255,230,signin/themes/default-bootstrap/css/authentication.css-129,200,OK,Thread Group 1-3,text,true,,1096,398,3,3,http://automationpractice.com/themes/default-bootstrap/css/authentication.css,230,0,0
1661259462255,263,signin/js/jquery/plugins/jquery.typewatch.js-130,200,OK,Thread Group 1-2,text,true,,2553,373,3,3,http://automationpractice.com/js/jquery/plugins/jquery.typewatch.js,263,0,0
1661259462486,279,signin/themes/default-bootstrap/js/tools/vatManagement.js-131,200,OK,Thread Group 1-3,text,true,,2283,386,3,3,http://automationpractice.com/themes/default-bootstrap/js/tools/vatManagement.js,279,0,0
1661259462519,291,signin/themes/default-bootstrap/js/authentication.js-133,200,OK,Thread Group 1-2,text,true,,3100,381,3,3,http://automationpractice.com/themes/default-bootstrap/js/authentication.js,290,0,0
1661259462811,274,signin/js/validate.js-134,200,OK,Thread Group 1-2,text,true,,21423,350,3,3,http://automationpractice.com/js/validate.js,274,0,0
1661259462766,319,signin/js/jquery/plugins/jquery.typewatch.js-130,200,OK,Thread Group 1-3,text,true,,2553,373,3,3,http://automationpractice.com/js/jquery/plugins/jquery.typewatch.js,319,0,0
1661259463086,233,signin/themes/default-bootstrap/js/authentication.js-133,200,OK,Thread Group 1-3,text,true,,3100,381,3,3,http://automationpractice.com/themes/default-bootstrap/js/authentication.js,233,0,0
1661259463086,264,signin/themes/default-bootstrap/img/icon/form-error.png-136,200,OK,Thread Group 1-2,bin,true,,431,394,3,3,http://automationpractice.com/themes/default-bootstrap/img/icon/form-error.png,264,0,0
1661259441796,21787,signin/index.php-127,200,OK,Thread Group 1-1,text,true,,36095,894,3,3,http://automationpractice.com/index.php?controller=authentication&back=my-account,8578,0,0
1661259441796,8578,signin/index.php-127-0,302,Moved Temporarily,Thread Group 1-1,text,true,,577,437,3,3,http://automationpractice.com/index.php?controller=my-account,8578,0,0
1661259450375,13208,signin/index.php-127-1,200,OK,Thread Group 1-1,text,true,,35518,457,3,3,http://automationpractice.com/index.php?controller=authentication&back=my-account,12463,0,0
1661259463321,569,signin/js/validate.js-134,200,OK,Thread Group 1-3,text,true,,21423,350,3,3,http://automationpractice.com/js/validate.js,265,0,0
1661259463586,306,signin/themes/default-bootstrap/js/tools/statesManagement.js-132,200,OK,Thread Group 1-1,text,true,,5628,389,3,3,http://automationpractice.com/themes/default-bootstrap/js/tools/statesManagement.js,306,0,0
1661259463892,307,signin/themes/default-bootstrap/img/icon/form-error.png-136,200,OK,Thread Group 1-3,bin,true,,431,394,3,3,http://automationpractice.com/themes/default-bootstrap/img/icon/form-error.png,306,0,0
1661259463893,306,signin/themes/default-bootstrap/css/authentication.css-129,200,OK,Thread Group 1-1,text,true,,1096,398,3,3,http://automationpractice.com/themes/default-bootstrap/css/authentication.css,305,0,0
1661259464200,231,signin/themes/default-bootstrap/js/tools/vatManagement.js-131,200,OK,Thread Group 1-1,text,true,,2283,386,3,3,http://automationpractice.com/themes/default-bootstrap/js/tools/vatManagement.js,231,0,0
1661259464432,279,signin/js/jquery/plugins/jquery.typewatch.js-130,200,OK,Thread Group 1-1,text,true,,2553,373,3,3,http://automationpractice.com/js/jquery/plugins/jquery.typewatch.js,278,0,0
1661259464712,306,signin/themes/default-bootstrap/js/authentication.js-133,200,OK,Thread Group 1-1,text,true,,3100,381,3,3,http://automationpractice.com/themes/default-bootstrap/js/authentication.js,305,0,0
1661259465019,234,signin/js/validate.js-134,200,OK,Thread Group 1-1,text,true,,21423,350,3,3,http://automationpractice.com/js/validate.js,234,0,0
1661259465254,378,signin/themes/default-bootstrap/img/icon/form-error.png-136,200,OK,Thread Group 1-1,bin,true,,431,394,3,3,http://automationpractice.com/themes/default-bootstrap/img/icon/form-error.png,378,0,0
1661259464200,11569,signin/index.php?controller=authentication-137,200,OK,Thread Group 1-3,text,true,,35794,644,3,3,http://automationpractice.com/index.php?controller=authentication,10958,0,0
1661259463352,13337,signin/index.php?controller=authentication-137,200,OK,Thread Group 1-2,text,true,,35796,644,2,2,http://automationpractice.com/index.php?controller=authentication,12418,0,0
1661259465634,11998,signin/index.php?controller=authentication-137,200,OK,Thread Group 1-1,text,true,,35802,644,1,1,http://automationpractice.com/index.php?controller=authentication,11499,0,0
