{
  "ClickWomen/js/jquery/ui/themes/base/images/ui-bg_flat_75_ffffff_40x100.png-121" : {
    "transaction" : "ClickWomen/js/jquery/ui/themes/base/images/ui-bg_flat_75_ffffff_40x100.png-121",
    "sampleCount" : 5,
    "errorCount" : 0,
    "errorPct" : 0.0,
    "meanResTime" : 264.2,
    "medianResTime" : 251.0,
    "minResTime" : 233.0,
    "maxResTime" : 298.0,
    "pct1ResTime" : 298.0,
    "pct2ResTime" : 298.0,
    "pct3ResTime" : 298.0,
    "throughput" : 0.265097290705689,
    "receivedKBytesPerSec" : 0.08703682532739515,
    "sentKBytesPerSec" : 0.1071780062032766
  },
  "Login/img/p/2/0/20-home_default.jpg-82" : {
    "transaction" : "Login/img/p/2/0/20-home_default.jpg-82",
    "sampleCount" : 5,
    "errorCount" : 0,
    "errorPct" : 0.0,
    "meanResTime" : 267.8,
    "medianResTime" : 251.0,
    "minResTime" : 236.0,
    "maxResTime" : 306.0,
    "pct1ResTime" : 306.0,
    "pct2ResTime" : 306.0,
    "pct3ResTime" : 306.0,
    "throughput" : 0.33397902611715985,
    "receivedKBytesPerSec" : 2.6868351730011355,
    "sentKBytesPerSec" : 0.11252223047892593
  },
  "Login/js/jquery/plugins/jquery.scrollTo.js-68" : {
    "transaction" : "Login/js/jquery/plugins/jquery.scrollTo.js-68",
    "sampleCount" : 5,
    "errorCount" : 0,
    "errorPct" : 0.0,
    "meanResTime" : 301.6,
    "medianResTime" : 305.0,
    "minResTime" : 258.0,
    "maxResTime" : 361.0,
    "pct1ResTime" : 361.0,
    "pct2ResTime" : 361.0,
    "pct3ResTime" : 361.0,
    "throughput" : 0.32767547021429977,
    "receivedKBytesPerSec" : 0.9142273617209515,
    "sentKBytesPerSec" : 0.10559854020578019
  },
  "Login/img/p/1/2/12-home_default.jpg-78" : {
    "transaction" : "Login/img/p/1/2/12-home_default.jpg-78",
    "sampleCount" : 5,
    "errorCount" : 0,
    "errorPct" : 0.0,
    "meanResTime" : 282.4,
    "medianResTime" : 297.0,
    "minResTime" : 250.0,
    "maxResTime" : 309.0,
    "pct1ResTime" : 309.0,
    "pct2ResTime" : 309.0,
    "pct3ResTime" : 309.0,
    "throughput" : 0.33331111259249385,
    "receivedKBytesPerSec" : 2.8061280289647357,
    "sentKBytesPerSec" : 0.11229720101993201
  },
  "Login/img/p/8/8-home_default.jpg-77" : {
    "transaction" : "Login/img/p/8/8-home_default.jpg-77",
    "sampleCount" : 5,
    "errorCount" : 0,
    "errorPct" : 0.0,
    "meanResTime" : 245.4,
    "medianResTime" : 252.0,
    "minResTime" : 223.0,
    "maxResTime" : 265.0,
    "pct1ResTime" : 265.0,
    "pct2ResTime" : 265.0,
    "pct3ResTime" : 265.0,
    "throughput" : 0.33435870001337437,
    "receivedKBytesPerSec" : 2.2435338162030227,
    "sentKBytesPerSec" : 0.11167058144977932
  },
  "Login/themes/default-bootstrap/js/global.js-59" : {
    "transaction" : "Login/themes/default-bootstrap/js/global.js-59",
    "sampleCount" : 5,
    "errorCount" : 0,
    "errorPct" : 0.0,
    "meanResTime" : 288.8,
    "medianResTime" : 306.0,
    "minResTime" : 235.0,
    "maxResTime" : 307.0,
    "pct1ResTime" : 307.0,
    "pct2ResTime" : 307.0,
    "pct3ResTime" : 307.0,
    "throughput" : 0.32480187085877615,
    "receivedKBytesPerSec" : 4.466025724308172,
    "sentKBytesPerSec" : 0.10498966724048331
  },
  "Login/themes/default-bootstrap/css/modules/blockcurrencies/blockcurrencies.css-28" : {
    "transaction" : "Login/themes/default-bootstrap/css/modules/blockcurrencies/blockcurrencies.css-28",
    "sampleCount" : 5,
    "errorCount" : 0,
    "errorPct" : 0.0,
    "meanResTime" : 283.8,
    "medianResTime" : 310.0,
    "minResTime" : 218.0,
    "maxResTime" : 327.0,
    "pct1ResTime" : 327.0,
    "pct2ResTime" : 327.0,
    "pct3ResTime" : 327.0,
    "throughput" : 0.31713814537612584,
    "receivedKBytesPerSec" : 0.655336245718635,
    "sentKBytesPerSec" : 0.11799768885576557
  },
  "Login/modules/editorial/css/editorial.css-39" : {
    "transaction" : "Login/modules/editorial/css/editorial.css-39",
    "sampleCount" : 5,
    "errorCount" : 0,
    "errorPct" : 0.0,
    "meanResTime" : 275.6,
    "medianResTime" : 257.0,
    "minResTime" : 251.0,
    "maxResTime" : 307.0,
    "pct1ResTime" : 307.0,
    "pct2ResTime" : 307.0,
    "pct3ResTime" : 307.0,
    "throughput" : 0.31403090064062306,
    "receivedKBytesPerSec" : 0.2493233615437759,
    "sentKBytesPerSec" : 0.1054947556839593
  },
  "Login/themes/default-bootstrap/css/product_list.css-25" : {
    "transaction" : "Login/themes/default-bootstrap/css/product_list.css-25",
    "sampleCount" : 5,
    "errorCount" : 0,
    "errorPct" : 0.0,
    "meanResTime" : 282.2,
    "medianResTime" : 309.0,
    "minResTime" : 221.0,
    "maxResTime" : 336.0,
    "pct1ResTime" : 336.0,
    "pct2ResTime" : 336.0,
    "pct3ResTime" : 336.0,
    "throughput" : 0.31727901516593693,
    "receivedKBytesPerSec" : 5.113335534456501,
    "sentKBytesPerSec" : 0.10968434703978679
  },
  "Login/themes/default-bootstrap/css/modules/blockviewed/blockviewed.css-45" : {
    "transaction" : "Login/themes/default-bootstrap/css/modules/blockviewed/blockviewed.css-45",
    "sampleCount" : 5,
    "errorCount" : 0,
    "errorPct" : 0.0,
    "meanResTime" : 259.6,
    "medianResTime" : 258.0,
    "minResTime" : 231.0,
    "maxResTime" : 290.0,
    "pct1ResTime" : 290.0,
    "pct2ResTime" : 290.0,
    "pct3ResTime" : 290.0,
    "throughput" : 0.31314586334314526,
    "receivedKBytesPerSec" : 0.11528905320348218,
    "sentKBytesPerSec" : 0.11406582717479802
  },
  "Login/img/p/7/7-home_default.jpg-76" : {
    "transaction" : "Login/img/p/7/7-home_default.jpg-76",
    "sampleCount" : 5,
    "errorCount" : 0,
    "errorPct" : 0.0,
    "meanResTime" : 256.2,
    "medianResTime" : 255.0,
    "minResTime" : 239.0,
    "maxResTime" : 280.0,
    "pct1ResTime" : 280.0,
    "pct2ResTime" : 280.0,
    "pct3ResTime" : 280.0,
    "throughput" : 0.33456005352960855,
    "receivedKBytesPerSec" : 2.514754621110739,
    "sentKBytesPerSec" : 0.11173783037805286
  },
  "ClickWomen/modules/blockstore/store.jpg-114" : {
    "transaction" : "ClickWomen/modules/blockstore/store.jpg-114",
    "sampleCount" : 5,
    "errorCount" : 0,
    "errorPct" : 0.0,
    "meanResTime" : 258.0,
    "medianResTime" : 252.0,
    "minResTime" : 233.0,
    "maxResTime" : 290.0,
    "pct1ResTime" : 290.0,
    "pct2ResTime" : 290.0,
    "pct3ResTime" : 290.0,
    "throughput" : 0.26675202731540765,
    "receivedKBytesPerSec" : 2.770469883696116,
    "sentKBytesPerSec" : 0.09846901008322663
  },
  "ClickWomen/js/jquery/ui/themes/base/images/ui-bg_glass_75_e6e6e6_1x400.png-123" : {
    "transaction" : "ClickWomen/js/jquery/ui/themes/base/images/ui-bg_glass_75_e6e6e6_1x400.png-123",
    "sampleCount" : 5,
    "errorCount" : 0,
    "errorPct" : 0.0,
    "meanResTime" : 252.6,
    "medianResTime" : 256.0,
    "minResTime" : 214.0,
    "maxResTime" : 276.0,
    "pct1ResTime" : 276.0,
    "pct2ResTime" : 276.0,
    "pct3ResTime" : 276.0,
    "throughput" : 0.26561835954101143,
    "receivedKBytesPerSec" : 0.08487336644708882,
    "sentKBytesPerSec" : 0.10738867270505736
  },
  "Login/themes/default-bootstrap/js/modules/blockcart/ajax-cart.js-66" : {
    "transaction" : "Login/themes/default-bootstrap/js/modules/blockcart/ajax-cart.js-66",
    "sampleCount" : 5,
    "errorCount" : 0,
    "errorPct" : 0.0,
    "meanResTime" : 266.0,
    "medianResTime" : 257.0,
    "minResTime" : 245.0,
    "maxResTime" : 310.0,
    "pct1ResTime" : 310.0,
    "pct2ResTime" : 310.0,
    "pct3ResTime" : 310.0,
    "throughput" : 0.33424694164048396,
    "receivedKBytesPerSec" : 10.167439438632261,
    "sentKBytesPerSec" : 0.11489738618891637
  },
  "Login/js/jquery/plugins/fancybox/jquery.fancybox.js-55" : {
    "transaction" : "Login/js/jquery/plugins/fancybox/jquery.fancybox.js-55",
    "sampleCount" : 5,
    "errorCount" : 0,
    "errorPct" : 0.0,
    "meanResTime" : 264.8,
    "medianResTime" : 253.0,
    "minResTime" : 249.0,
    "maxResTime" : 309.0,
    "pct1ResTime" : 309.0,
    "pct2ResTime" : 309.0,
    "pct3ResTime" : 309.0,
    "throughput" : 0.33406828355715906,
    "receivedKBytesPerSec" : 7.631046113950691,
    "sentKBytesPerSec" : 0.11059487121667669
  },
  "Login/themes/default-bootstrap/css/autoload/highdpi.css-22" : {
    "transaction" : "Login/themes/default-bootstrap/css/autoload/highdpi.css-22",
    "sampleCount" : 5,
    "errorCount" : 0,
    "errorPct" : 0.0,
    "meanResTime" : 279.4,
    "medianResTime" : 287.0,
    "minResTime" : 245.0,
    "maxResTime" : 318.0,
    "pct1ResTime" : 318.0,
    "pct2ResTime" : 318.0,
    "pct3ResTime" : 318.0,
    "throughput" : 0.31367628607277287,
    "receivedKBytesPerSec" : 0.17766820890840654,
    "sentKBytesPerSec" : 0.10966417032622335
  },
  "ClickWomen/js/jquery/ui/themes/base/jquery.ui.slider.css-107" : {
    "transaction" : "ClickWomen/js/jquery/ui/themes/base/jquery.ui.slider.css-107",
    "sampleCount" : 5,
    "errorCount" : 0,
    "errorPct" : 0.0,
    "meanResTime" : 252.6,
    "medianResTime" : 245.0,
    "minResTime" : 233.0,
    "maxResTime" : 294.0,
    "pct1ResTime" : 294.0,
    "pct2ResTime" : 294.0,
    "pct3ResTime" : 294.0,
    "throughput" : 0.26984726644719087,
    "receivedKBytesPerSec" : 0.4097778313724432,
    "sentKBytesPerSec" : 0.10224681580225592
  },
  "ClickWomen/js/jquery/ui/jquery.ui.mouse.min.js-112" : {
    "transaction" : "ClickWomen/js/jquery/ui/jquery.ui.mouse.min.js-112",
    "sampleCount" : 5,
    "errorCount" : 0,
    "errorPct" : 0.0,
    "meanResTime" : 249.6,
    "medianResTime" : 246.0,
    "minResTime" : 232.0,
    "maxResTime" : 280.0,
    "pct1ResTime" : 280.0,
    "pct2ResTime" : 280.0,
    "pct3ResTime" : 280.0,
    "throughput" : 0.2701534471579857,
    "receivedKBytesPerSec" : 0.8167920628917226,
    "sentKBytesPerSec" : 0.09576728644370003
  },
  "ClickWomen/js/jquery/ui/jquery.ui.core.min.js-110" : {
    "transaction" : "ClickWomen/js/jquery/ui/jquery.ui.core.min.js-110",
    "sampleCount" : 5,
    "errorCount" : 0,
    "errorPct" : 0.0,
    "meanResTime" : 242.0,
    "medianResTime" : 246.0,
    "minResTime" : 222.0,
    "maxResTime" : 260.0,
    "pct1ResTime" : 260.0,
    "pct2ResTime" : 260.0,
    "pct3ResTime" : 260.0,
    "throughput" : 0.270811894058387,
    "receivedKBytesPerSec" : 1.2017277798840924,
    "sentKBytesPerSec" : 0.09573623598548447
  },
  "Login/js/jquery/plugins/jquery.easing.js-47" : {
    "transaction" : "Login/js/jquery/plugins/jquery.easing.js-47",
    "sampleCount" : 5,
    "errorCount" : 0,
    "errorPct" : 0.0,
    "meanResTime" : 264.0,
    "medianResTime" : 273.0,
    "minResTime" : 222.0,
    "maxResTime" : 280.0,
    "pct1ResTime" : 280.0,
    "pct2ResTime" : 280.0,
    "pct3ResTime" : 280.0,
    "throughput" : 0.3129694541812719,
    "receivedKBytesPerSec" : 1.5923543518402603,
    "sentKBytesPerSec" : 0.10024802829243865
  },
  "ClickWomen/themes/default-bootstrap/css/category.css-102" : {
    "transaction" : "ClickWomen/themes/default-bootstrap/css/category.css-102",
    "sampleCount" : 5,
    "errorCount" : 0,
    "errorPct" : 0.0,
    "meanResTime" : 308.2,
    "medianResTime" : 294.0,
    "minResTime" : 232.0,
    "maxResTime" : 457.0,
    "pct1ResTime" : 457.0,
    "pct2ResTime" : 457.0,
    "pct3ResTime" : 457.0,
    "throughput" : 0.26884611248521345,
    "receivedKBytesPerSec" : 0.776713221851812,
    "sentKBytesPerSec" : 0.10081729218195505
  },
  "ClickWomen/themes/default-bootstrap/js/modules/blocklayered/blocklayered.js-109" : {
    "transaction" : "ClickWomen/themes/default-bootstrap/js/modules/blocklayered/blocklayered.js-109",
    "sampleCount" : 5,
    "errorCount" : 0,
    "errorPct" : 0.0,
    "meanResTime" : 281.0,
    "medianResTime" : 256.0,
    "minResTime" : 248.0,
    "maxResTime" : 341.0,
    "pct1ResTime" : 341.0,
    "pct2ResTime" : 341.0,
    "pct3ResTime" : 341.0,
    "throughput" : 0.2678667095253402,
    "receivedKBytesPerSec" : 5.487605305100182,
    "sentKBytesPerSec" : 0.10254272474016929
  },
  "Login/themes/default-bootstrap/css/modules/blockcart/blockcart.css-26" : {
    "transaction" : "Login/themes/default-bootstrap/css/modules/blockcart/blockcart.css-26",
    "sampleCount" : 5,
    "errorCount" : 0,
    "errorPct" : 0.0,
    "meanResTime" : 314.4,
    "medianResTime" : 322.0,
    "minResTime" : 290.0,
    "maxResTime" : 327.0,
    "pct1ResTime" : 327.0,
    "pct2ResTime" : 327.0,
    "pct3ResTime" : 327.0,
    "throughput" : 0.31246094238220223,
    "receivedKBytesPerSec" : 4.445245125609299,
    "sentKBytesPerSec" : 0.11259578880764905
  },
  "ClickWomen/js/jquery/ui/jquery.ui.widget.min.js-111" : {
    "transaction" : "ClickWomen/js/jquery/ui/jquery.ui.widget.min.js-111",
    "sampleCount" : 5,
    "errorCount" : 0,
    "errorPct" : 0.0,
    "meanResTime" : 287.6,
    "medianResTime" : 307.0,
    "minResTime" : 251.0,
    "maxResTime" : 318.0,
    "pct1ResTime" : 318.0,
    "pct2ResTime" : 318.0,
    "pct3ResTime" : 318.0,
    "throughput" : 0.2691210506485817,
    "receivedKBytesPerSec" : 1.7721516059798696,
    "sentKBytesPerSec" : 0.09566412347273803
  },
  "Login/themes/default-bootstrap/css/autoload/uniform.default.css-24" : {
    "transaction" : "Login/themes/default-bootstrap/css/autoload/uniform.default.css-24",
    "sampleCount" : 5,
    "errorCount" : 0,
    "errorPct" : 0.0,
    "meanResTime" : 273.6,
    "medianResTime" : 257.0,
    "minResTime" : 246.0,
    "maxResTime" : 311.0,
    "pct1ResTime" : 311.0,
    "pct2ResTime" : 311.0,
    "pct3ResTime" : 311.0,
    "throughput" : 0.3125586047383884,
    "receivedKBytesPerSec" : 3.8080870631993498,
    "sentKBytesPerSec" : 0.11171528255297869
  },
  "Login/modules/themeconfigurator/img/banner-img7.jpg-90" : {
    "transaction" : "Login/modules/themeconfigurator/img/banner-img7.jpg-90",
    "sampleCount" : 5,
    "errorCount" : 0,
    "errorPct" : 0.0,
    "meanResTime" : 279.4,
    "medianResTime" : 304.0,
    "minResTime" : 222.0,
    "maxResTime" : 306.0,
    "pct1ResTime" : 306.0,
    "pct2ResTime" : 306.0,
    "pct3ResTime" : 306.0,
    "throughput" : 0.33215970238490666,
    "receivedKBytesPerSec" : 8.74514216435262,
    "sentKBytesPerSec" : 0.117099270079054
  },
  "Login/js/jquery/jquery-migrate-1.2.1.min.js-50" : {
    "transaction" : "Login/js/jquery/jquery-migrate-1.2.1.min.js-50",
    "sampleCount" : 5,
    "errorCount" : 0,
    "errorPct" : 0.0,
    "meanResTime" : 276.8,
    "medianResTime" : 306.0,
    "minResTime" : 225.0,
    "maxResTime" : 308.0,
    "pct1ResTime" : 308.0,
    "pct2ResTime" : 308.0,
    "pct3ResTime" : 308.0,
    "throughput" : 0.3157761778451434,
    "receivedKBytesPerSec" : 2.2986285445875962,
    "sentKBytesPerSec" : 0.10207218248705317
  },
  "ClickWomen/img/c/3-category_default.jpg-119" : {
    "transaction" : "ClickWomen/img/c/3-category_default.jpg-119",
    "sampleCount" : 5,
    "errorCount" : 0,
    "errorPct" : 0.0,
    "meanResTime" : 268.6,
    "medianResTime" : 269.0,
    "minResTime" : 226.0,
    "maxResTime" : 306.0,
    "pct1ResTime" : 306.0,
    "pct2ResTime" : 306.0,
    "pct3ResTime" : 306.0,
    "throughput" : 0.2658584569575158,
    "receivedKBytesPerSec" : 7.543785641649387,
    "sentKBytesPerSec" : 0.098139156962833
  },
  "Login/modules/themeconfigurator/img/banner-img5.jpg-91" : {
    "transaction" : "Login/modules/themeconfigurator/img/banner-img5.jpg-91",
    "sampleCount" : 5,
    "errorCount" : 0,
    "errorPct" : 0.0,
    "meanResTime" : 285.0,
    "medianResTime" : 295.0,
    "minResTime" : 232.0,
    "maxResTime" : 309.0,
    "pct1ResTime" : 309.0,
    "pct2ResTime" : 309.0,
    "pct3ResTime" : 309.0,
    "throughput" : 0.33003300330033003,
    "receivedKBytesPerSec" : 11.385171720297029,
    "sentKBytesPerSec" : 0.11634952557755775
  },
  "Login/themes/default-bootstrap/js/autoload/15-jquery.uniform-modified.js-53" : {
    "transaction" : "Login/themes/default-bootstrap/js/autoload/15-jquery.uniform-modified.js-53",
    "sampleCount" : 5,
    "errorCount" : 0,
    "errorPct" : 0.0,
    "meanResTime" : 560.2,
    "medianResTime" : 551.0,
    "minResTime" : 511.0,
    "maxResTime" : 618.0,
    "pct1ResTime" : 618.0,
    "pct2ResTime" : 618.0,
    "pct3ResTime" : 618.0,
    "throughput" : 0.32720371703422546,
    "receivedKBytesPerSec" : 11.684431953896995,
    "sentKBytesPerSec" : 0.1150325567698449
  },
  "Login/modules/themeconfigurator/img/banner-img3.jpg-84" : {
    "transaction" : "Login/modules/themeconfigurator/img/banner-img3.jpg-84",
    "sampleCount" : 5,
    "errorCount" : 0,
    "errorPct" : 0.0,
    "meanResTime" : 285.2,
    "medianResTime" : 305.0,
    "minResTime" : 237.0,
    "maxResTime" : 308.0,
    "pct1ResTime" : 308.0,
    "pct2ResTime" : 308.0,
    "pct3ResTime" : 308.0,
    "throughput" : 0.33062223103881505,
    "receivedKBytesPerSec" : 12.03413261257687,
    "sentKBytesPerSec" : 0.11655725137208227
  },
  "Login/themes/default-bootstrap/css/modules/blocktopmenu/css/blocktopmenu.css-43" : {
    "transaction" : "Login/themes/default-bootstrap/css/modules/blocktopmenu/css/blocktopmenu.css-43",
    "sampleCount" : 5,
    "errorCount" : 0,
    "errorPct" : 0.0,
    "meanResTime" : 269.2,
    "medianResTime" : 254.0,
    "minResTime" : 247.0,
    "maxResTime" : 310.0,
    "pct1ResTime" : 310.0,
    "pct2ResTime" : 310.0,
    "pct3ResTime" : 310.0,
    "throughput" : 0.31300863903843745,
    "receivedKBytesPerSec" : 0.08558829973707274,
    "sentKBytesPerSec" : 0.11584987714410917
  },
  "Login/img/logo.jpg-75" : {
    "transaction" : "Login/img/logo.jpg-75",
    "sampleCount" : 5,
    "errorCount" : 0,
    "errorPct" : 0.0,
    "meanResTime" : 268.2,
    "medianResTime" : 252.0,
    "minResTime" : 234.0,
    "maxResTime" : 306.0,
    "pct1ResTime" : 306.0,
    "pct2ResTime" : 306.0,
    "pct3ResTime" : 306.0,
    "throughput" : 0.33397902611715985,
    "receivedKBytesPerSec" : 3.8518479476988845,
    "sentKBytesPerSec" : 0.10697765680315276
  },
  "Login/themes/default-bootstrap/js/tools/treeManagement.js-63" : {
    "transaction" : "Login/themes/default-bootstrap/js/tools/treeManagement.js-63",
    "sampleCount" : 5,
    "errorCount" : 0,
    "errorPct" : 0.0,
    "meanResTime" : 270.8,
    "medianResTime" : 255.0,
    "minResTime" : 235.0,
    "maxResTime" : 307.0,
    "pct1ResTime" : 307.0,
    "pct2ResTime" : 307.0,
    "pct3ResTime" : 307.0,
    "throughput" : 0.3304255881575469,
    "receivedKBytesPerSec" : 1.0377428628072958,
    "sentKBytesPerSec" : 0.11132502726011102
  },
  "Login/themes/default-bootstrap/js/index.js-67" : {
    "transaction" : "Login/themes/default-bootstrap/js/index.js-67",
    "sampleCount" : 5,
    "errorCount" : 0,
    "errorPct" : 0.0,
    "meanResTime" : 267.2,
    "medianResTime" : 257.0,
    "minResTime" : 219.0,
    "maxResTime" : 311.0,
    "pct1ResTime" : 311.0,
    "pct2ResTime" : 311.0,
    "pct3ResTime" : 311.0,
    "throughput" : 0.33209351753453775,
    "receivedKBytesPerSec" : 0.44300756342986186,
    "sentKBytesPerSec" : 0.10702232498671627
  },
  "Login/modules/homeslider/images/sample-2.jpg-89" : {
    "transaction" : "Login/modules/homeslider/images/sample-2.jpg-89",
    "sampleCount" : 5,
    "errorCount" : 0,
    "errorPct" : 0.0,
    "meanResTime" : 754.0,
    "medianResTime" : 754.0,
    "minResTime" : 699.0,
    "maxResTime" : 809.0,
    "pct1ResTime" : 809.0,
    "pct2ResTime" : 809.0,
    "pct3ResTime" : 809.0,
    "throughput" : 0.32901230506020923,
    "receivedKBytesPerSec" : 33.32823964022504,
    "sentKBytesPerSec" : 0.11374058202276766
  },
  "Login/js/jquery/plugins/fancybox/jquery.fancybox.css-23" : {
    "transaction" : "Login/js/jquery/plugins/fancybox/jquery.fancybox.css-23",
    "sampleCount" : 5,
    "errorCount" : 0,
    "errorPct" : 0.0,
    "meanResTime" : 271.2,
    "medianResTime" : 262.0,
    "minResTime" : 253.0,
    "maxResTime" : 310.0,
    "pct1ResTime" : 310.0,
    "pct2ResTime" : 310.0,
    "pct3ResTime" : 310.0,
    "throughput" : 0.3138534931893792,
    "receivedKBytesPerSec" : 1.57417142677798,
    "sentKBytesPerSec" : 0.10880663093967737
  },
  "Login/modules/homeslider/images/sample-3.jpg-87" : {
    "transaction" : "Login/modules/homeslider/images/sample-3.jpg-87",
    "sampleCount" : 5,
    "errorCount" : 0,
    "errorPct" : 0.0,
    "meanResTime" : 482.6,
    "medianResTime" : 497.0,
    "minResTime" : 438.0,
    "maxResTime" : 512.0,
    "pct1ResTime" : 512.0,
    "pct2ResTime" : 512.0,
    "pct3ResTime" : 512.0,
    "throughput" : 0.33482890243085783,
    "receivedKBytesPerSec" : 19.45146655059265,
    "sentKBytesPerSec" : 0.11575139791066764
  },
  "ClickWomen/js/jquery/ui/jquery.ui.slider.min.js-113" : {
    "transaction" : "ClickWomen/js/jquery/ui/jquery.ui.slider.min.js-113",
    "sampleCount" : 5,
    "errorCount" : 0,
    "errorPct" : 0.0,
    "meanResTime" : 263.0,
    "medianResTime" : 252.0,
    "minResTime" : 220.0,
    "maxResTime" : 312.0,
    "pct1ResTime" : 312.0,
    "pct2ResTime" : 312.0,
    "pct3ResTime" : 312.0,
    "throughput" : 0.2698909640505236,
    "receivedKBytesPerSec" : 2.7563668965238044,
    "sentKBytesPerSec" : 0.09593780362733456
  },
  "ClickWomen/img/c/8-medium_default.jpg-118" : {
    "transaction" : "ClickWomen/img/c/8-medium_default.jpg-118",
    "sampleCount" : 5,
    "errorCount" : 0,
    "errorPct" : 0.0,
    "meanResTime" : 283.2,
    "medianResTime" : 303.0,
    "minResTime" : 251.0,
    "maxResTime" : 305.0,
    "pct1ResTime" : 305.0,
    "pct2ResTime" : 305.0,
    "pct3ResTime" : 305.0,
    "throughput" : 0.266851683834125,
    "receivedKBytesPerSec" : 0.5542905581202968,
    "sentKBytesPerSec" : 0.09798460265784278
  },
  "Login/themes/default-bootstrap/css/modules/productcomments/productcomments.css-34" : {
    "transaction" : "Login/themes/default-bootstrap/css/modules/productcomments/productcomments.css-34",
    "sampleCount" : 5,
    "errorCount" : 0,
    "errorPct" : 0.0,
    "meanResTime" : 296.4,
    "medianResTime" : 312.0,
    "minResTime" : 236.0,
    "maxResTime" : 316.0,
    "pct1ResTime" : 316.0,
    "pct2ResTime" : 316.0,
    "pct3ResTime" : 316.0,
    "throughput" : 0.3141887646097775,
    "receivedKBytesPerSec" : 2.338619886577856,
    "sentKBytesPerSec" : 0.11690031183234888
  },
  "Login/themes/default-bootstrap/js/modules/homeslider/js/homeslider.js-61" : {
    "transaction" : "Login/themes/default-bootstrap/js/modules/homeslider/js/homeslider.js-61",
    "sampleCount" : 5,
    "errorCount" : 0,
    "errorPct" : 0.0,
    "meanResTime" : 274.0,
    "medianResTime" : 304.0,
    "minResTime" : 216.0,
    "maxResTime" : 312.0,
    "pct1ResTime" : 312.0,
    "pct2ResTime" : 312.0,
    "pct3ResTime" : 312.0,
    "throughput" : 0.3263281555932646,
    "receivedKBytesPerSec" : 0.6931286507962408,
    "sentKBytesPerSec" : 0.11376870268241744
  },
  "Login/themes/default-bootstrap/css/modules/blockuserinfo/blockuserinfo.css-32" : {
    "transaction" : "Login/themes/default-bootstrap/css/modules/blockuserinfo/blockuserinfo.css-32",
    "sampleCount" : 5,
    "errorCount" : 0,
    "errorPct" : 0.0,
    "meanResTime" : 248.8,
    "medianResTime" : 250.0,
    "minResTime" : 221.0,
    "maxResTime" : 276.0,
    "pct1ResTime" : 276.0,
    "pct2ResTime" : 276.0,
    "pct3ResTime" : 276.0,
    "throughput" : 0.3151194302640701,
    "receivedKBytesPerSec" : 0.21141313339005482,
    "sentKBytesPerSec" : 0.11601564961870549
  },
  "Login/themes/default-bootstrap/js/modules/blockwishlist/js/ajax-wishlist.js-71" : {
    "transaction" : "Login/themes/default-bootstrap/js/modules/blockwishlist/js/ajax-wishlist.js-71",
    "sampleCount" : 5,
    "errorCount" : 0,
    "errorPct" : 0.0,
    "meanResTime" : 300.2,
    "medianResTime" : 310.0,
    "minResTime" : 255.0,
    "maxResTime" : 341.0,
    "pct1ResTime" : 341.0,
    "pct2ResTime" : 341.0,
    "pct3ResTime" : 341.0,
    "throughput" : 0.33424694164048396,
    "receivedKBytesPerSec" : 3.3375732209706532,
    "sentKBytesPerSec" : 0.11848792950732001
  },
  "Login/modules/themeconfigurator/img/banner-img4.jpg-83" : {
    "transaction" : "Login/modules/themeconfigurator/img/banner-img4.jpg-83",
    "sampleCount" : 5,
    "errorCount" : 0,
    "errorPct" : 0.0,
    "meanResTime" : 290.4,
    "medianResTime" : 305.0,
    "minResTime" : 257.0,
    "maxResTime" : 308.0,
    "pct1ResTime" : 308.0,
    "pct2ResTime" : 308.0,
    "pct3ResTime" : 308.0,
    "throughput" : 0.33018556428712936,
    "receivedKBytesPerSec" : 6.134228686521825,
    "sentKBytesPerSec" : 0.11640330928481807
  },
  "Login/themes/default-bootstrap/css/global.css-21" : {
    "transaction" : "Login/themes/default-bootstrap/css/global.css-21",
    "sampleCount" : 5,
    "errorCount" : 0,
    "errorPct" : 0.0,
    "meanResTime" : 1597.0,
    "medianResTime" : 1616.0,
    "minResTime" : 1473.0,
    "maxResTime" : 1776.0,
    "pct1ResTime" : 1776.0,
    "pct2ResTime" : 1776.0,
    "pct3ResTime" : 1776.0,
    "throughput" : 0.30837547798199083,
    "receivedKBytesPerSec" : 63.50246122178365,
    "sentKBytesPerSec" : 0.10479947884544222
  },
  "Login/img/p/1/0/10-home_default.jpg-80" : {
    "transaction" : "Login/img/p/1/0/10-home_default.jpg-80",
    "sampleCount" : 5,
    "errorCount" : 0,
    "errorPct" : 0.0,
    "meanResTime" : 280.4,
    "medianResTime" : 294.0,
    "minResTime" : 245.0,
    "maxResTime" : 308.0,
    "pct1ResTime" : 308.0,
    "pct2ResTime" : 308.0,
    "pct3ResTime" : 308.0,
    "throughput" : 0.33346672002134187,
    "receivedKBytesPerSec" : 3.785368313992264,
    "sentKBytesPerSec" : 0.11234962735094038
  },
  "Login/themes/default-bootstrap/css/modules/blocktopmenu/css/superfish-modified.css-38" : {
    "transaction" : "Login/themes/default-bootstrap/css/modules/blocktopmenu/css/superfish-modified.css-38",
    "sampleCount" : 5,
    "errorCount" : 0,
    "errorPct" : 0.0,
    "meanResTime" : 306.2,
    "medianResTime" : 306.0,
    "minResTime" : 304.0,
    "maxResTime" : 308.0,
    "pct1ResTime" : 308.0,
    "pct2ResTime" : 308.0,
    "pct3ResTime" : 308.0,
    "throughput" : 0.3169974006213149,
    "receivedKBytesPerSec" : 1.7670128542445953,
    "sentKBytesPerSec" : 0.11918359300703735
  },
  "Login/img/p/1/6/16-home_default.jpg-93" : {
    "transaction" : "Login/img/p/1/6/16-home_default.jpg-93",
    "sampleCount" : 5,
    "errorCount" : 0,
    "errorPct" : 0.0,
    "meanResTime" : 288.6,
    "medianResTime" : 304.0,
    "minResTime" : 251.0,
    "maxResTime" : 309.0,
    "pct1ResTime" : 309.0,
    "pct2ResTime" : 309.0,
    "pct3ResTime" : 309.0,
    "throughput" : 0.3320494089520521,
    "receivedKBytesPerSec" : 2.67714835967592,
    "sentKBytesPerSec" : 0.11187211532075973
  },
  "Login/js/jquery/plugins/jquery.serialScroll.js-60" : {
    "transaction" : "Login/js/jquery/plugins/jquery.serialScroll.js-60",
    "sampleCount" : 5,
    "errorCount" : 0,
    "errorPct" : 0.0,
    "meanResTime" : 287.6,
    "medianResTime" : 298.0,
    "minResTime" : 231.0,
    "maxResTime" : 306.0,
    "pct1ResTime" : 306.0,
    "pct2ResTime" : 306.0,
    "pct3ResTime" : 306.0,
    "throughput" : 0.3228722717293039,
    "receivedKBytesPerSec" : 0.7151116330879503,
    "sentKBytesPerSec" : 0.10531185425545654
  },
  "Login/css-70" : {
    "transaction" : "Login/css-70",
    "sampleCount" : 5,
    "errorCount" : 0,
    "errorPct" : 0.0,
    "meanResTime" : 136.8,
    "medianResTime" : 116.0,
    "minResTime" : 97.0,
    "maxResTime" : 185.0,
    "pct1ResTime" : 185.0,
    "pct2ResTime" : 185.0,
    "pct3ResTime" : 185.0,
    "throughput" : 0.31717838112154273,
    "receivedKBytesPerSec" : 0.3701446928127379,
    "sentKBytesPerSec" : 0.1081008349720883
  },
  "Login/js/jquery/jquery-1.11.0.min.js-33" : {
    "transaction" : "Login/js/jquery/jquery-1.11.0.min.js-33",
    "sampleCount" : 5,
    "errorCount" : 0,
    "errorPct" : 0.0,
    "meanResTime" : 820.2,
    "medianResTime" : 803.0,
    "minResTime" : 693.0,
    "maxResTime" : 923.0,
    "pct1ResTime" : 923.0,
    "pct2ResTime" : 923.0,
    "pct3ResTime" : 923.0,
    "throughput" : 0.3102506825515016,
    "receivedKBytesPerSec" : 29.27899922825143,
    "sentKBytesPerSec" : 0.09816525502606106
  },
  "ClickWomen/js/jquery/ui/themes/base/images/ui-bg_highlight-soft_75_cccccc_1x100.png-122" : {
    "transaction" : "ClickWomen/js/jquery/ui/themes/base/images/ui-bg_highlight-soft_75_cccccc_1x100.png-122",
    "sampleCount" : 5,
    "errorCount" : 0,
    "errorPct" : 0.0,
    "meanResTime" : 250.6,
    "medianResTime" : 251.0,
    "minResTime" : 229.0,
    "maxResTime" : 264.0,
    "pct1ResTime" : 264.0,
    "pct2ResTime" : 264.0,
    "pct3ResTime" : 264.0,
    "throughput" : 0.2655055225148683,
    "receivedKBytesPerSec" : 0.08431874601741716,
    "sentKBytesPerSec" : 0.10967659767948174
  },
  "Login/themes/default-bootstrap/css/modules/homeslider/homeslider.css-42" : {
    "transaction" : "Login/themes/default-bootstrap/css/modules/homeslider/homeslider.css-42",
    "sampleCount" : 5,
    "errorCount" : 0,
    "errorPct" : 0.0,
    "meanResTime" : 250.0,
    "medianResTime" : 249.0,
    "minResTime" : 220.0,
    "maxResTime" : 283.0,
    "pct1ResTime" : 283.0,
    "pct2ResTime" : 283.0,
    "pct3ResTime" : 283.0,
    "throughput" : 0.31283238440843397,
    "receivedKBytesPerSec" : 2.0049989637427266,
    "sentKBytesPerSec" : 0.11334063927297754
  },
  "Login/themes/default-bootstrap/css/modules/blocknewsletter/blocknewsletter.css-31" : {
    "transaction" : "Login/themes/default-bootstrap/css/modules/blocknewsletter/blocknewsletter.css-31",
    "sampleCount" : 5,
    "errorCount" : 0,
    "errorPct" : 0.0,
    "meanResTime" : 324.6,
    "medianResTime" : 300.0,
    "minResTime" : 254.0,
    "maxResTime" : 509.0,
    "pct1ResTime" : 509.0,
    "pct2ResTime" : 509.0,
    "pct3ResTime" : 509.0,
    "throughput" : 0.315059861373661,
    "receivedKBytesPerSec" : 0.982100661625709,
    "sentKBytesPerSec" : 0.11722442107750473
  },
  "ClickWomen/index.php-101" : {
    "transaction" : "ClickWomen/index.php-101",
    "sampleCount" : 5,
    "errorCount" : 0,
    "errorPct" : 0.0,
    "meanResTime" : 11846.4,
    "medianResTime" : 11443.0,
    "minResTime" : 9856.0,
    "maxResTime" : 13659.0,
    "pct1ResTime" : 13659.0,
    "pct2ResTime" : 13659.0,
    "pct3ResTime" : 13659.0,
    "throughput" : 0.17852679687221054,
    "receivedKBytesPerSec" : 17.31225257301746,
    "sentKBytesPerSec" : 0.07827981620666262
  },
  "Login/themes/default-bootstrap/css/modules/blockwishlist/blockwishlist.css-36" : {
    "transaction" : "Login/themes/default-bootstrap/css/modules/blockwishlist/blockwishlist.css-36",
    "sampleCount" : 5,
    "errorCount" : 0,
    "errorPct" : 0.0,
    "meanResTime" : 283.2,
    "medianResTime" : 284.0,
    "minResTime" : 272.0,
    "maxResTime" : 301.0,
    "pct1ResTime" : 301.0,
    "pct2ResTime" : 301.0,
    "pct3ResTime" : 301.0,
    "throughput" : 0.3178437480134766,
    "receivedKBytesPerSec" : 1.449541311741148,
    "sentKBytesPerSec" : 0.11701864550886784
  },
  "Login/themes/default-bootstrap/css/modules/blockcategories/blockcategories.css-35" : {
    "transaction" : "Login/themes/default-bootstrap/css/modules/blockcategories/blockcategories.css-35",
    "sampleCount" : 5,
    "errorCount" : 0,
    "errorPct" : 0.0,
    "meanResTime" : 279.4,
    "medianResTime" : 253.0,
    "minResTime" : 247.0,
    "maxResTime" : 340.0,
    "pct1ResTime" : 340.0,
    "pct2ResTime" : 340.0,
    "pct3ResTime" : 340.0,
    "throughput" : 0.3163956210846042,
    "receivedKBytesPerSec" : 0.9269402961463012,
    "sentKBytesPerSec" : 0.11772141761058026
  },
  "Login/themes/default-bootstrap/js/modules/blocknewsletter/blocknewsletter.js-57" : {
    "transaction" : "Login/themes/default-bootstrap/js/modules/blocknewsletter/blocknewsletter.js-57",
    "sampleCount" : 5,
    "errorCount" : 0,
    "errorPct" : 0.0,
    "meanResTime" : 266.0,
    "medianResTime" : 254.0,
    "minResTime" : 232.0,
    "maxResTime" : 327.0,
    "pct1ResTime" : 327.0,
    "pct2ResTime" : 327.0,
    "pct3ResTime" : 327.0,
    "throughput" : 0.33550291887539424,
    "receivedKBytesPerSec" : 0.6503645448902905,
    "sentKBytesPerSec" : 0.11926080319398778
  },
  "Login/themes/default-bootstrap/font/fontawesome-webfont.woff-95" : {
    "transaction" : "Login/themes/default-bootstrap/font/fontawesome-webfont.woff-95",
    "sampleCount" : 5,
    "errorCount" : 0,
    "errorPct" : 0.0,
    "meanResTime" : 581.0,
    "medianResTime" : 590.0,
    "minResTime" : 527.0,
    "maxResTime" : 613.0,
    "pct1ResTime" : 613.0,
    "pct2ResTime" : 613.0,
    "pct3ResTime" : 613.0,
    "throughput" : 0.32733224222585927,
    "receivedKBytesPerSec" : 14.01614924304419,
    "sentKBytesPerSec" : 0.14192921440261866
  },
  "Login/img/p/1/1-home_default.jpg-92" : {
    "transaction" : "Login/img/p/1/1-home_default.jpg-92",
    "sampleCount" : 5,
    "errorCount" : 0,
    "errorPct" : 0.0,
    "meanResTime" : 270.0,
    "medianResTime" : 256.0,
    "minResTime" : 246.0,
    "maxResTime" : 311.0,
    "pct1ResTime" : 311.0,
    "pct2ResTime" : 311.0,
    "pct3ResTime" : 311.0,
    "throughput" : 0.33440342429106473,
    "receivedKBytesPerSec" : 2.0599773441680043,
    "sentKBytesPerSec" : 0.11168551865971107
  },
  "ClickWomen/themes/default-bootstrap/css/scenes.css-103" : {
    "transaction" : "ClickWomen/themes/default-bootstrap/css/scenes.css-103",
    "sampleCount" : 5,
    "errorCount" : 0,
    "errorPct" : 0.0,
    "meanResTime" : 252.8,
    "medianResTime" : 254.0,
    "minResTime" : 236.0,
    "maxResTime" : 271.0,
    "pct1ResTime" : 271.0,
    "pct2ResTime" : 271.0,
    "pct3ResTime" : 271.0,
    "throughput" : 0.27065064414853307,
    "receivedKBytesPerSec" : 0.6446454307405002,
    "sentKBytesPerSec" : 0.1009653770163473
  },
  "Login/themes/default-bootstrap/css/modules/blocktags/blocktags.css-41" : {
    "transaction" : "Login/themes/default-bootstrap/css/modules/blocktags/blocktags.css-41",
    "sampleCount" : 5,
    "errorCount" : 0,
    "errorPct" : 0.0,
    "meanResTime" : 240.8,
    "medianResTime" : 246.0,
    "minResTime" : 220.0,
    "maxResTime" : 252.0,
    "pct1ResTime" : 252.0,
    "pct2ResTime" : 252.0,
    "pct3ResTime" : 252.0,
    "throughput" : 0.3191625175539385,
    "receivedKBytesPerSec" : 0.19168451981999235,
    "sentKBytesPerSec" : 0.1150107118919954
  },
  "Login/themes/default-bootstrap/css/modules/blocklanguages/blocklanguages.css-54" : {
    "transaction" : "Login/themes/default-bootstrap/css/modules/blocklanguages/blocklanguages.css-54",
    "sampleCount" : 5,
    "errorCount" : 0,
    "errorPct" : 0.0,
    "meanResTime" : 277.2,
    "medianResTime" : 298.0,
    "minResTime" : 218.0,
    "maxResTime" : 312.0,
    "pct1ResTime" : 312.0,
    "pct2ResTime" : 312.0,
    "pct3ResTime" : 312.0,
    "throughput" : 0.3211922656902422,
    "receivedKBytesPerSec" : 0.6223100147748443,
    "sentKBytesPerSec" : 0.11887877802402518
  },
  "Login/themes/default-bootstrap/js/modules/blocktopmenu/js/superfish-modified.js-69" : {
    "transaction" : "Login/themes/default-bootstrap/js/modules/blocktopmenu/js/superfish-modified.js-69",
    "sampleCount" : 5,
    "errorCount" : 0,
    "errorPct" : 0.0,
    "meanResTime" : 266.2,
    "medianResTime" : 267.0,
    "minResTime" : 221.0,
    "maxResTime" : 307.0,
    "pct1ResTime" : 307.0,
    "pct2ResTime" : 307.0,
    "pct3ResTime" : 307.0,
    "throughput" : 0.32998944033790917,
    "receivedKBytesPerSec" : 2.3324839542634637,
    "sentKBytesPerSec" : 0.11826769980860613
  },
  "ClickWomen/themes/default-bootstrap/css/modules/blocklayered/blocklayered.css-105" : {
    "transaction" : "ClickWomen/themes/default-bootstrap/css/modules/blocklayered/blocklayered.css-105",
    "sampleCount" : 5,
    "errorCount" : 0,
    "errorPct" : 0.0,
    "meanResTime" : 259.2,
    "medianResTime" : 248.0,
    "minResTime" : 242.0,
    "maxResTime" : 307.0,
    "pct1ResTime" : 307.0,
    "pct2ResTime" : 307.0,
    "pct3ResTime" : 307.0,
    "throughput" : 0.2698909640505236,
    "receivedKBytesPerSec" : 0.9612229940354097,
    "sentKBytesPerSec" : 0.10779824638346108
  },
  "Login/img/c/3-0_thumb.jpg-73" : {
    "transaction" : "Login/img/c/3-0_thumb.jpg-73",
    "sampleCount" : 5,
    "errorCount" : 0,
    "errorPct" : 0.0,
    "meanResTime" : 250.6,
    "medianResTime" : 250.0,
    "minResTime" : 240.0,
    "maxResTime" : 266.0,
    "pct1ResTime" : 266.0,
    "pct2ResTime" : 266.0,
    "pct3ResTime" : 266.0,
    "throughput" : 0.33433634236041454,
    "receivedKBytesPerSec" : 4.420161526245403,
    "sentKBytesPerSec" : 0.10937761200267469
  },
  "Login/themes/default-bootstrap/js/modules/blocktopmenu/js/blocktopmenu.js-72" : {
    "transaction" : "Login/themes/default-bootstrap/js/modules/blocktopmenu/js/blocktopmenu.js-72",
    "sampleCount" : 5,
    "errorCount" : 0,
    "errorPct" : 0.0,
    "meanResTime" : 261.8,
    "medianResTime" : 251.0,
    "minResTime" : 216.0,
    "maxResTime" : 311.0,
    "pct1ResTime" : 311.0,
    "pct2ResTime" : 311.0,
    "pct3ResTime" : 311.0,
    "throughput" : 0.33108197589723215,
    "receivedKBytesPerSec" : 1.3220646478943185,
    "sentKBytesPerSec" : 0.11671932939345782
  },
  "Login/themes/default-bootstrap/css/modules/blocksearch/blocksearch.css-40" : {
    "transaction" : "Login/themes/default-bootstrap/css/modules/blocksearch/blocksearch.css-40",
    "sampleCount" : 5,
    "errorCount" : 0,
    "errorPct" : 0.0,
    "meanResTime" : 301.8,
    "medianResTime" : 301.0,
    "minResTime" : 298.0,
    "maxResTime" : 305.0,
    "pct1ResTime" : 305.0,
    "pct2ResTime" : 305.0,
    "pct3ResTime" : 305.0,
    "throughput" : 0.31707781089479353,
    "receivedKBytesPerSec" : 0.5759421174456212,
    "sentKBytesPerSec" : 0.11549806978882618
  },
  "Login/themes/default-bootstrap/css/modules/blockbanner/blockbanner.css-46" : {
    "transaction" : "Login/themes/default-bootstrap/css/modules/blockbanner/blockbanner.css-46",
    "sampleCount" : 5,
    "errorCount" : 0,
    "errorPct" : 0.0,
    "meanResTime" : 275.0,
    "medianResTime" : 261.0,
    "minResTime" : 257.0,
    "maxResTime" : 308.0,
    "pct1ResTime" : 308.0,
    "pct2ResTime" : 308.0,
    "pct3ResTime" : 308.0,
    "throughput" : 0.3179043743641913,
    "receivedKBytesPerSec" : 0.13597862887843337,
    "sentKBytesPerSec" : 0.11579915199008138
  },
  "Login/js/jquery/plugins/bxslider/jquery.bxslider.js-65" : {
    "transaction" : "Login/js/jquery/plugins/bxslider/jquery.bxslider.js-65",
    "sampleCount" : 5,
    "errorCount" : 0,
    "errorPct" : 0.0,
    "meanResTime" : 287.0,
    "medianResTime" : 306.0,
    "minResTime" : 243.0,
    "maxResTime" : 308.0,
    "pct1ResTime" : 308.0,
    "pct2ResTime" : 308.0,
    "pct3ResTime" : 308.0,
    "throughput" : 0.3331556503198294,
    "receivedKBytesPerSec" : 6.3049056128398195,
    "sentKBytesPerSec" : 0.11029273970549042
  },
  "Login/js/jquery/plugins/autocomplete/jquery.autocomplete.js-62" : {
    "transaction" : "Login/js/jquery/plugins/autocomplete/jquery.autocomplete.js-62",
    "sampleCount" : 5,
    "errorCount" : 0,
    "errorPct" : 0.0,
    "meanResTime" : 298.6,
    "medianResTime" : 309.0,
    "minResTime" : 256.0,
    "maxResTime" : 311.0,
    "pct1ResTime" : 311.0,
    "pct2ResTime" : 311.0,
    "pct3ResTime" : 311.0,
    "throughput" : 0.3329781566329249,
    "receivedKBytesPerSec" : 6.570465461840703,
    "sentKBytesPerSec" : 0.11283537143713372
  },
  "ClickWomen/img/p/1/2/12-small_default.jpg-117" : {
    "transaction" : "ClickWomen/img/p/1/2/12-small_default.jpg-117",
    "sampleCount" : 5,
    "errorCount" : 0,
    "errorPct" : 0.0,
    "meanResTime" : 271.6,
    "medianResTime" : 251.0,
    "minResTime" : 245.0,
    "maxResTime" : 346.0,
    "pct1ResTime" : 346.0,
    "pct2ResTime" : 346.0,
    "pct3ResTime" : 346.0,
    "throughput" : 0.26516758591429784,
    "receivedKBytesPerSec" : 0.62127936731014,
    "sentKBytesPerSec" : 0.09840203383538396
  },
  "ClickWomen/themes/default-bootstrap/img/jquery/uniform/sprite.png-120" : {
    "transaction" : "ClickWomen/themes/default-bootstrap/img/jquery/uniform/sprite.png-120",
    "sampleCount" : 5,
    "errorCount" : 0,
    "errorPct" : 0.0,
    "meanResTime" : 259.4,
    "medianResTime" : 266.0,
    "minResTime" : 215.0,
    "maxResTime" : 294.0,
    "pct1ResTime" : 294.0,
    "pct2ResTime" : 294.0,
    "pct3ResTime" : 294.0,
    "throughput" : 0.26566069815631477,
    "receivedKBytesPerSec" : 1.0523173084586366,
    "sentKBytesPerSec" : 0.10844352717708941
  },
  "Login/modules/blockfacebook/css/blockfacebook.css-29" : {
    "transaction" : "Login/modules/blockfacebook/css/blockfacebook.css-29",
    "sampleCount" : 5,
    "errorCount" : 0,
    "errorPct" : 0.0,
    "meanResTime" : 271.4,
    "medianResTime" : 249.0,
    "minResTime" : 247.0,
    "maxResTime" : 308.0,
    "pct1ResTime" : 308.0,
    "pct2ResTime" : 308.0,
    "pct3ResTime" : 308.0,
    "throughput" : 0.3169371196754564,
    "receivedKBytesPerSec" : 0.08697200256719068,
    "sentKBytesPerSec" : 0.10894713488843813
  },
  "ClickWomen/themes/default-bootstrap/js/category.js-108" : {
    "transaction" : "ClickWomen/themes/default-bootstrap/js/category.js-108",
    "sampleCount" : 5,
    "errorCount" : 0,
    "errorPct" : 0.0,
    "meanResTime" : 258.0,
    "medianResTime" : 259.0,
    "minResTime" : 234.0,
    "maxResTime" : 277.0,
    "pct1ResTime" : 277.0,
    "pct2ResTime" : 277.0,
    "pct3ResTime" : 277.0,
    "throughput" : 0.2701972439881113,
    "receivedKBytesPerSec" : 0.3799648743582816,
    "sentKBytesPerSec" : 0.09683827006214538
  },
  "Login/themes/default-bootstrap/js/products-comparison.js-51" : {
    "transaction" : "Login/themes/default-bootstrap/js/products-comparison.js-51",
    "sampleCount" : 5,
    "errorCount" : 0,
    "errorPct" : 0.0,
    "meanResTime" : 255.0,
    "medianResTime" : 261.0,
    "minResTime" : 222.0,
    "maxResTime" : 269.0,
    "pct1ResTime" : 269.0,
    "pct2ResTime" : 269.0,
    "pct3ResTime" : 269.0,
    "throughput" : 0.3139520281301017,
    "receivedKBytesPerSec" : 1.4719567256373225,
    "sentKBytesPerSec" : 0.10546825944995604
  },
  "Login/modules/themeconfigurator/img/banner-img2.jpg-86" : {
    "transaction" : "Login/modules/themeconfigurator/img/banner-img2.jpg-86",
    "sampleCount" : 5,
    "errorCount" : 0,
    "errorPct" : 0.0,
    "meanResTime" : 287.0,
    "medianResTime" : 305.0,
    "minResTime" : 234.0,
    "maxResTime" : 309.0,
    "pct1ResTime" : 309.0,
    "pct2ResTime" : 309.0,
    "pct3ResTime" : 309.0,
    "throughput" : 0.33112582781456956,
    "receivedKBytesPerSec" : 10.310171771523178,
    "sentKBytesPerSec" : 0.11673478890728477
  },
  "Login/modules/themeconfigurator/img/banner-img6.jpg-88" : {
    "transaction" : "Login/modules/themeconfigurator/img/banner-img6.jpg-88",
    "sampleCount" : 5,
    "errorCount" : 0,
    "errorPct" : 0.0,
    "meanResTime" : 262.8,
    "medianResTime" : 244.0,
    "minResTime" : 222.0,
    "maxResTime" : 307.0,
    "pct1ResTime" : 307.0,
    "pct2ResTime" : 307.0,
    "pct3ResTime" : 307.0,
    "throughput" : 0.3356380479291132,
    "receivedKBytesPerSec" : 9.66827685523931,
    "sentKBytesPerSec" : 0.11832552275625965
  },
  "Login/themes/default-bootstrap/js/modules/blocksearch/blocksearch.js-56" : {
    "transaction" : "Login/themes/default-bootstrap/js/modules/blocksearch/blocksearch.js-56",
    "sampleCount" : 5,
    "errorCount" : 0,
    "errorPct" : 0.0,
    "meanResTime" : 277.6,
    "medianResTime" : 289.0,
    "minResTime" : 233.0,
    "maxResTime" : 308.0,
    "pct1ResTime" : 308.0,
    "pct2ResTime" : 308.0,
    "pct3ResTime" : 308.0,
    "throughput" : 0.3307534563736191,
    "receivedKBytesPerSec" : 1.2871606676258516,
    "sentKBytesPerSec" : 0.114988506317391
  },
  "Login/index.php-9" : {
    "transaction" : "Login/index.php-9",
    "sampleCount" : 5,
    "errorCount" : 3,
    "errorPct" : 60.0,
    "meanResTime" : 6830.2,
    "medianResTime" : 761.0,
    "minResTime" : 732.0,
    "maxResTime" : 15991.0,
    "pct1ResTime" : 15991.0,
    "pct2ResTime" : 15991.0,
    "pct3ResTime" : 15991.0,
    "throughput" : 0.305008235222351,
    "receivedKBytesPerSec" : 9.895432215732324,
    "sentKBytesPerSec" : 0.10871875571890441
  },
  "ClickWomen/js/jquery/ui/themes/base/jquery.ui.theme.css-104" : {
    "transaction" : "ClickWomen/js/jquery/ui/themes/base/jquery.ui.theme.css-104",
    "sampleCount" : 5,
    "errorCount" : 0,
    "errorPct" : 0.0,
    "meanResTime" : 274.4,
    "medianResTime" : 273.0,
    "minResTime" : 250.0,
    "maxResTime" : 308.0,
    "pct1ResTime" : 308.0,
    "pct2ResTime" : 308.0,
    "pct3ResTime" : 308.0,
    "throughput" : 0.26762297275598135,
    "receivedKBytesPerSec" : 4.642108634855216,
    "sentKBytesPerSec" : 0.10114266646148906
  },
  "Login/modules/themeconfigurator/css/hooks.css-48" : {
    "transaction" : "Login/modules/themeconfigurator/css/hooks.css-48",
    "sampleCount" : 5,
    "errorCount" : 0,
    "errorPct" : 0.0,
    "meanResTime" : 277.4,
    "medianResTime" : 272.0,
    "minResTime" : 233.0,
    "maxResTime" : 326.0,
    "pct1ResTime" : 326.0,
    "pct2ResTime" : 326.0,
    "pct3ResTime" : 326.0,
    "throughput" : 0.31283238440843397,
    "receivedKBytesPerSec" : 0.4915501040167678,
    "sentKBytesPerSec" : 0.10631413063880372
  },
  "Login/themes/default-bootstrap/js/modules/blocktopmenu/js/hoverIntent.js-64" : {
    "transaction" : "Login/themes/default-bootstrap/js/modules/blocktopmenu/js/hoverIntent.js-64",
    "sampleCount" : 5,
    "errorCount" : 0,
    "errorPct" : 0.0,
    "meanResTime" : 282.8,
    "medianResTime" : 305.0,
    "minResTime" : 217.0,
    "maxResTime" : 307.0,
    "pct1ResTime" : 307.0,
    "pct2ResTime" : 307.0,
    "pct3ResTime" : 307.0,
    "throughput" : 0.3233107015842225,
    "receivedKBytesPerSec" : 1.6396020247332688,
    "sentKBytesPerSec" : 0.1136639185257032
  },
  "Login/modules/homeslider/images/sample-1.jpg-81" : {
    "transaction" : "Login/modules/homeslider/images/sample-1.jpg-81",
    "sampleCount" : 5,
    "errorCount" : 0,
    "errorPct" : 0.0,
    "meanResTime" : 566.2,
    "medianResTime" : 554.0,
    "minResTime" : 467.0,
    "maxResTime" : 702.0,
    "pct1ResTime" : 702.0,
    "pct2ResTime" : 702.0,
    "pct3ResTime" : 702.0,
    "throughput" : 0.3320714617785748,
    "receivedKBytesPerSec" : 24.560965207212593,
    "sentKBytesPerSec" : 0.11479814206017135
  },
  "ClickWomen/img/c/4-medium_default.jpg-115" : {
    "transaction" : "ClickWomen/img/c/4-medium_default.jpg-115",
    "sampleCount" : 5,
    "errorCount" : 0,
    "errorPct" : 0.0,
    "meanResTime" : 292.6,
    "medianResTime" : 284.0,
    "minResTime" : 250.0,
    "maxResTime" : 344.0,
    "pct1ResTime" : 344.0,
    "pct2ResTime" : 344.0,
    "pct3ResTime" : 344.0,
    "throughput" : 0.2654491399447866,
    "receivedKBytesPerSec" : 0.4762530858462519,
    "sentKBytesPerSec" : 0.09746960607347634
  },
  "Login/img/c/3-1_thumb.jpg-74" : {
    "transaction" : "Login/img/c/3-1_thumb.jpg-74",
    "sampleCount" : 5,
    "errorCount" : 0,
    "errorPct" : 0.0,
    "meanResTime" : 290.4,
    "medianResTime" : 297.0,
    "minResTime" : 259.0,
    "maxResTime" : 305.0,
    "pct1ResTime" : 305.0,
    "pct2ResTime" : 305.0,
    "pct3ResTime" : 305.0,
    "throughput" : 0.33242470580413536,
    "receivedKBytesPerSec" : 3.3813825543514393,
    "sentKBytesPerSec" : 0.10875222309022006
  },
  "Login/modules/themeconfigurator/img/banner-img1.jpg-85" : {
    "transaction" : "Login/modules/themeconfigurator/img/banner-img1.jpg-85",
    "sampleCount" : 5,
    "errorCount" : 0,
    "errorPct" : 0.0,
    "meanResTime" : 512.6,
    "medianResTime" : 505.0,
    "minResTime" : 504.0,
    "maxResTime" : 530.0,
    "pct1ResTime" : 530.0,
    "pct2ResTime" : 530.0,
    "pct3ResTime" : 530.0,
    "throughput" : 0.33386752136752135,
    "receivedKBytesPerSec" : 14.879601633446848,
    "sentKBytesPerSec" : 0.11770134298210469
  },
  "Login/themes/default-bootstrap/css/modules/blockcontact/blockcontact.css-27" : {
    "transaction" : "Login/themes/default-bootstrap/css/modules/blockcontact/blockcontact.css-27",
    "sampleCount" : 5,
    "errorCount" : 0,
    "errorPct" : 0.0,
    "meanResTime" : 300.0,
    "medianResTime" : 307.0,
    "minResTime" : 231.0,
    "maxResTime" : 331.0,
    "pct1ResTime" : 331.0,
    "pct2ResTime" : 331.0,
    "pct3ResTime" : 331.0,
    "throughput" : 0.3144851877476571,
    "receivedKBytesPerSec" : 0.4803269859739607,
    "sentKBytesPerSec" : 0.11516791543493302
  },
  "Login/js/tools.js-49" : {
    "transaction" : "Login/js/tools.js-49",
    "sampleCount" : 5,
    "errorCount" : 0,
    "errorPct" : 0.0,
    "meanResTime" : 264.0,
    "medianResTime" : 255.0,
    "minResTime" : 225.0,
    "maxResTime" : 309.0,
    "pct1ResTime" : 309.0,
    "pct2ResTime" : 309.0,
    "pct3ResTime" : 309.0,
    "throughput" : 0.3168166265365606,
    "receivedKBytesPerSec" : 5.265838851222912,
    "sentKBytesPerSec" : 0.09436432723989355
  },
  "Login/modules/blockbanner/img/sale70.png-79" : {
    "transaction" : "Login/modules/blockbanner/img/sale70.png-79",
    "sampleCount" : 5,
    "errorCount" : 0,
    "errorPct" : 0.0,
    "meanResTime" : 255.0,
    "medianResTime" : 255.0,
    "minResTime" : 219.0,
    "maxResTime" : 278.0,
    "pct1ResTime" : 278.0,
    "pct2ResTime" : 278.0,
    "pct3ResTime" : 278.0,
    "throughput" : 0.33456005352960855,
    "receivedKBytesPerSec" : 4.396001484610237,
    "sentKBytesPerSec" : 0.11435158079625292
  },
  "Login/themes/default-bootstrap/js/autoload/15-jquery.total-storage.min.js-52" : {
    "transaction" : "Login/themes/default-bootstrap/js/autoload/15-jquery.total-storage.min.js-52",
    "sampleCount" : 5,
    "errorCount" : 0,
    "errorPct" : 0.0,
    "meanResTime" : 262.4,
    "medianResTime" : 258.0,
    "minResTime" : 233.0,
    "maxResTime" : 306.0,
    "pct1ResTime" : 306.0,
    "pct2ResTime" : 306.0,
    "pct3ResTime" : 306.0,
    "throughput" : 0.31330283852371704,
    "receivedKBytesPerSec" : 0.8625006853499593,
    "sentKBytesPerSec" : 0.11045148897174009
  },
  "Login/themes/default-bootstrap/img/footer-bg.png-94" : {
    "transaction" : "Login/themes/default-bootstrap/img/footer-bg.png-94",
    "sampleCount" : 5,
    "errorCount" : 0,
    "errorPct" : 0.0,
    "meanResTime" : 256.0,
    "medianResTime" : 253.0,
    "minResTime" : 219.0,
    "maxResTime" : 306.0,
    "pct1ResTime" : 306.0,
    "pct2ResTime" : 306.0,
    "pct3ResTime" : 306.0,
    "throughput" : 0.33451528734863184,
    "receivedKBytesPerSec" : 0.10584272763765305,
    "sentKBytesPerSec" : 0.12674993309694255
  },
  "Login/themes/default-bootstrap/css/modules/homeslider/images/bx_loader.gif-97" : {
    "transaction" : "Login/themes/default-bootstrap/css/modules/homeslider/images/bx_loader.gif-97",
    "sampleCount" : 5,
    "errorCount" : 0,
    "errorPct" : 0.0,
    "meanResTime" : 283.4,
    "medianResTime" : 304.0,
    "minResTime" : 250.0,
    "maxResTime" : 307.0,
    "pct1ResTime" : 307.0,
    "pct2ResTime" : 307.0,
    "pct3ResTime" : 307.0,
    "throughput" : 0.3313672211544834,
    "receivedKBytesPerSec" : 2.855129875240241,
    "sentKBytesPerSec" : 0.14141355043409107
  },
  "Login/img/favicon.ico-99" : {
    "transaction" : "Login/img/favicon.ico-99",
    "sampleCount" : 5,
    "errorCount" : 0,
    "errorPct" : 0.0,
    "meanResTime" : 243.6,
    "medianResTime" : 247.0,
    "minResTime" : 232.0,
    "maxResTime" : 255.0,
    "pct1ResTime" : 255.0,
    "pct2ResTime" : 255.0,
    "pct3ResTime" : 255.0,
    "throughput" : 0.34071550255536626,
    "receivedKBytesPerSec" : 1.0807069846678024,
    "sentKBytesPerSec" : 0.1137936541737649
  },
  "Login/themes/default-bootstrap/css/autoload/responsive-tables.css-30" : {
    "transaction" : "Login/themes/default-bootstrap/css/autoload/responsive-tables.css-30",
    "sampleCount" : 5,
    "errorCount" : 0,
    "errorPct" : 0.0,
    "meanResTime" : 271.6,
    "medianResTime" : 260.0,
    "minResTime" : 254.0,
    "maxResTime" : 306.0,
    "pct1ResTime" : 306.0,
    "pct2ResTime" : 306.0,
    "pct3ResTime" : 306.0,
    "throughput" : 0.31583601793948585,
    "receivedKBytesPerSec" : 0.5163178652643547,
    "sentKBytesPerSec" : 0.11350356894700273
  },
  "Login/js/jquery/plugins/autocomplete/jquery.autocomplete.css-37" : {
    "transaction" : "Login/js/jquery/plugins/autocomplete/jquery.autocomplete.css-37",
    "sampleCount" : 5,
    "errorCount" : 0,
    "errorPct" : 0.0,
    "meanResTime" : 345.2,
    "medianResTime" : 370.0,
    "minResTime" : 306.0,
    "maxResTime" : 372.0,
    "pct1ResTime" : 372.0,
    "pct2ResTime" : 372.0,
    "pct3ResTime" : 372.0,
    "throughput" : 0.3157562361856647,
    "receivedKBytesPerSec" : 0.32747375276286705,
    "sentKBytesPerSec" : 0.11193311888222292
  },
  "Login/themes/default-bootstrap/js/autoload/10-bootstrap.min.js-44" : {
    "transaction" : "Login/themes/default-bootstrap/js/autoload/10-bootstrap.min.js-44",
    "sampleCount" : 5,
    "errorCount" : 0,
    "errorPct" : 0.0,
    "meanResTime" : 401.00000000000006,
    "medianResTime" : 253.0,
    "minResTime" : 223.0,
    "maxResTime" : 1037.0,
    "pct1ResTime" : 1037.0,
    "pct2ResTime" : 1037.0,
    "pct3ResTime" : 1037.0,
    "throughput" : 0.3162355322244007,
    "receivedKBytesPerSec" : 8.612168249161975,
    "sentKBytesPerSec" : 0.10808831667826196
  },
  "Total" : {
    "transaction" : "Total",
    "sampleCount" : 505,
    "errorCount" : 3,
    "errorPct" : 0.5940594,
    "meanResTime" : 489.7801980198022,
    "medianResTime" : 273.0,
    "minResTime" : 97.0,
    "maxResTime" : 15991.0,
    "pct1ResTime" : 463.4000000000002,
    "pct2ResTime" : 701.0999999999999,
    "pct3ResTime" : 11398.3,
    "throughput" : 8.401683664132298,
    "receivedKBytesPerSec" : 126.13835080044754,
    "sentKBytesPerSec" : 2.9875108140482807
  },
  "ClickWomen/js/jquery/ui/themes/base/jquery.ui.core.css-106" : {
    "transaction" : "ClickWomen/js/jquery/ui/themes/base/jquery.ui.core.css-106",
    "sampleCount" : 5,
    "errorCount" : 0,
    "errorPct" : 0.0,
    "meanResTime" : 262.6,
    "medianResTime" : 253.0,
    "minResTime" : 244.0,
    "maxResTime" : 308.0,
    "pct1ResTime" : 308.0,
    "pct2ResTime" : 308.0,
    "pct3ResTime" : 308.0,
    "throughput" : 0.26948366928964107,
    "receivedKBytesPerSec" : 0.4497535066562467,
    "sentKBytesPerSec" : 0.10158271127519673
  },
  "Login/modules/blockfacebook/blockfacebook.js-58" : {
    "transaction" : "Login/modules/blockfacebook/blockfacebook.js-58",
    "sampleCount" : 5,
    "errorCount" : 0,
    "errorPct" : 0.0,
    "meanResTime" : 264.6,
    "medianResTime" : 247.0,
    "minResTime" : 220.0,
    "maxResTime" : 308.0,
    "pct1ResTime" : 308.0,
    "pct2ResTime" : 308.0,
    "pct3ResTime" : 308.0,
    "throughput" : 0.3276969458644645,
    "receivedKBytesPerSec" : 0.5040260641958317,
    "sentKBytesPerSec" : 0.10624549416699437
  },
  "ClickWomen/img/loader.gif-116" : {
    "transaction" : "ClickWomen/img/loader.gif-116",
    "sampleCount" : 5,
    "errorCount" : 0,
    "errorPct" : 0.0,
    "meanResTime" : 254.2,
    "medianResTime" : 249.0,
    "minResTime" : 219.0,
    "maxResTime" : 305.0,
    "pct1ResTime" : 305.0,
    "pct2ResTime" : 305.0,
    "pct3ResTime" : 305.0,
    "throughput" : 0.26732249786142004,
    "receivedKBytesPerSec" : 1.0333163193701882,
    "sentKBytesPerSec" : 0.09502479416167664
  }
}