{
  "Login/img/favicon.ico-152" : {
    "transaction" : "Login/img/favicon.ico-152",
    "sampleCount" : 5,
    "errorCount" : 0,
    "errorPct" : 0.0,
    "meanResTime" : 287.0,
    "medianResTime" : 293.0,
    "minResTime" : 248.0,
    "maxResTime" : 325.0,
    "pct1ResTime" : 325.0,
    "pct2ResTime" : 325.0,
    "pct3ResTime" : 325.0,
    "throughput" : 0.1584384308257811,
    "receivedKBytesPerSec" : 0.5025468977755244,
    "sentKBytesPerSec" : 0.05291596029532924
  },
  "SelectTshirts/index.php-155" : {
    "transaction" : "SelectTshirts/index.php-155",
    "sampleCount" : 5,
    "errorCount" : 1,
    "errorPct" : 20.0,
    "meanResTime" : 8011.0,
    "medianResTime" : 8891.0,
    "minResTime" : 305.0,
    "maxResTime" : 12913.0,
    "pct1ResTime" : 12913.0,
    "pct2ResTime" : 12913.0,
    "pct3ResTime" : 12913.0,
    "throughput" : 0.1260938642725645,
    "receivedKBytesPerSec" : 5.599207894106373,
    "sentKBytesPerSec" : 0.05528920415857565
  },
  "Login/-140" : {
    "transaction" : "Login/-140",
    "sampleCount" : 5,
    "errorCount" : 1,
    "errorPct" : 20.0,
    "meanResTime" : 14986.2,
    "medianResTime" : 18401.0,
    "minResTime" : 655.0,
    "maxResTime" : 19052.0,
    "pct1ResTime" : 19052.0,
    "pct2ResTime" : 19052.0,
    "pct3ResTime" : 19052.0,
    "throughput" : 0.25793139025019346,
    "receivedKBytesPerSec" : 16.664937048620065,
    "sentKBytesPerSec" : 0.16322220789270053
  },
  "Login/index.php-141" : {
    "transaction" : "Login/index.php-141",
    "sampleCount" : 5,
    "errorCount" : 2,
    "errorPct" : 40.0,
    "meanResTime" : 8263.8,
    "medianResTime" : 12376.0,
    "minResTime" : 277.0,
    "maxResTime" : 14507.0,
    "pct1ResTime" : 14507.0,
    "pct2ResTime" : 14507.0,
    "pct3ResTime" : 14507.0,
    "throughput" : 0.1576590780097118,
    "receivedKBytesPerSec" : 7.6310380963454625,
    "sentKBytesPerSec" : 0.056196839329633604
  },
  "SelectTshirts/favicon.ico-156" : {
    "transaction" : "SelectTshirts/favicon.ico-156",
    "sampleCount" : 5,
    "errorCount" : 0,
    "errorPct" : 0.0,
    "meanResTime" : 280.2,
    "medianResTime" : 279.0,
    "minResTime" : 251.0,
    "maxResTime" : 302.0,
    "pct1ResTime" : 302.0,
    "pct2ResTime" : 302.0,
    "pct3ResTime" : 302.0,
    "throughput" : 0.18506181064475535,
    "receivedKBytesPerSec" : 0.8188623672181509,
    "sentKBytesPerSec" : 0.06524151722925457
  },
  "Login/themes/default-bootstrap/css/modules/blockcurrencies/blockcurrencies.css-150" : {
    "transaction" : "Login/themes/default-bootstrap/css/modules/blockcurrencies/blockcurrencies.css-150",
    "sampleCount" : 5,
    "errorCount" : 0,
    "errorPct" : 0.0,
    "meanResTime" : 304.8,
    "medianResTime" : 307.0,
    "minResTime" : 284.0,
    "maxResTime" : 317.0,
    "pct1ResTime" : 317.0,
    "pct2ResTime" : 317.0,
    "pct3ResTime" : 317.0,
    "throughput" : 0.1574951963965099,
    "receivedKBytesPerSec" : 0.32544905817872555,
    "sentKBytesPerSec" : 0.05859928694049831
  },
  "Login/themes/default-bootstrap/css/autoload/responsive-tables.css-147" : {
    "transaction" : "Login/themes/default-bootstrap/css/autoload/responsive-tables.css-147",
    "sampleCount" : 5,
    "errorCount" : 0,
    "errorPct" : 0.0,
    "meanResTime" : 296.4,
    "medianResTime" : 308.0,
    "minResTime" : 253.0,
    "maxResTime" : 350.0,
    "pct1ResTime" : 350.0,
    "pct2ResTime" : 350.0,
    "pct3ResTime" : 350.0,
    "throughput" : 0.15748527512677565,
    "receivedKBytesPerSec" : 0.25745151422092033,
    "sentKBytesPerSec" : 0.056596270748685
  },
  "Login/themes/default-bootstrap/css/modules/blockcategories/blockcategories.css-149" : {
    "transaction" : "Login/themes/default-bootstrap/css/modules/blockcategories/blockcategories.css-149",
    "sampleCount" : 5,
    "errorCount" : 0,
    "errorPct" : 0.0,
    "meanResTime" : 289.4,
    "medianResTime" : 307.0,
    "minResTime" : 225.0,
    "maxResTime" : 335.0,
    "pct1ResTime" : 335.0,
    "pct2ResTime" : 335.0,
    "pct3ResTime" : 335.0,
    "throughput" : 0.15853387868987603,
    "receivedKBytesPerSec" : 0.46445472272424615,
    "sentKBytesPerSec" : 0.05898574978597926
  },
  "Login/themes/default-bootstrap/css/autoload/highdpi.css-146" : {
    "transaction" : "Login/themes/default-bootstrap/css/autoload/highdpi.css-146",
    "sampleCount" : 5,
    "errorCount" : 0,
    "errorPct" : 0.0,
    "meanResTime" : 276.8,
    "medianResTime" : 286.0,
    "minResTime" : 222.0,
    "maxResTime" : 320.0,
    "pct1ResTime" : 320.0,
    "pct2ResTime" : 320.0,
    "pct3ResTime" : 320.0,
    "throughput" : 0.15854393252370233,
    "receivedKBytesPerSec" : 0.08980027428100328,
    "sentKBytesPerSec" : 0.05542844515965374
  },
  "Login/-140-1" : {
    "transaction" : "Login/-140-1",
    "sampleCount" : 4,
    "errorCount" : 0,
    "errorPct" : 0.0,
    "meanResTime" : 10889.75,
    "medianResTime" : 10882.5,
    "minResTime" : 10500.0,
    "maxResTime" : 11294.0,
    "pct1ResTime" : 11294.0,
    "pct2ResTime" : 11294.0,
    "pct3ResTime" : 11294.0,
    "throughput" : 0.337126000842815,
    "receivedKBytesPerSec" : 27.08580251790982,
    "sentKBytesPerSec" : 0.12016698272229245
  },
  "Login/-140-0" : {
    "transaction" : "Login/-140-0",
    "sampleCount" : 4,
    "errorCount" : 0,
    "errorPct" : 0.0,
    "meanResTime" : 7677.5,
    "medianResTime" : 7715.5,
    "minResTime" : 7382.0,
    "maxResTime" : 7897.0,
    "pct1ResTime" : 7897.0,
    "pct2ResTime" : 7897.0,
    "pct3ResTime" : 7897.0,
    "throughput" : 0.4944375772558715,
    "receivedKBytesPerSec" : 0.1477518541409147,
    "sentKBytesPerSec" : 0.17189431396786156
  },
  "Total" : {
    "transaction" : "Total",
    "sampleCount" : 68,
    "errorCount" : 5,
    "errorPct" : 7.352941,
    "meanResTime" : 3663.7941176470576,
    "medianResTime" : 310.0,
    "minResTime" : 4.0,
    "maxResTime" : 19052.0,
    "pct1ResTime" : 13006.2,
    "pct2ResTime" : 18299.3,
    "pct3ResTime" : 19052.0,
    "throughput" : 1.4976324193370776,
    "receivedKBytesPerSec" : 45.626234548783174,
    "sentKBytesPerSec" : 0.5620208058033256
  },
  "Login/themes/default-bootstrap/css/global.css-145" : {
    "transaction" : "Login/themes/default-bootstrap/css/global.css-145",
    "sampleCount" : 5,
    "errorCount" : 1,
    "errorPct" : 20.0,
    "meanResTime" : 1387.0,
    "medianResTime" : 1682.0,
    "minResTime" : 4.0,
    "maxResTime" : 1843.0,
    "pct1ResTime" : 1843.0,
    "pct2ResTime" : 1843.0,
    "pct3ResTime" : 1843.0,
    "throughput" : 0.15117157974300832,
    "receivedKBytesPerSec" : 24.965838766061978,
    "sentKBytesPerSec" : 0.04109977324263038
  },
  "Login/modules/blockfacebook/css/blockfacebook.css-151" : {
    "transaction" : "Login/modules/blockfacebook/css/blockfacebook.css-151",
    "sampleCount" : 5,
    "errorCount" : 0,
    "errorPct" : 0.0,
    "meanResTime" : 272.6,
    "medianResTime" : 273.0,
    "minResTime" : 221.0,
    "maxResTime" : 304.0,
    "pct1ResTime" : 304.0,
    "pct2ResTime" : 304.0,
    "pct3ResTime" : 304.0,
    "throughput" : 0.1583581427757015,
    "receivedKBytesPerSec" : 0.04345570128903528,
    "sentKBytesPerSec" : 0.0544356115791474
  },
  "Login/themes/default-bootstrap/css/autoload/uniform.default.css-148" : {
    "transaction" : "Login/themes/default-bootstrap/css/autoload/uniform.default.css-148",
    "sampleCount" : 5,
    "errorCount" : 0,
    "errorPct" : 0.0,
    "meanResTime" : 318.6,
    "medianResTime" : 349.0,
    "minResTime" : 218.0,
    "maxResTime" : 361.0,
    "pct1ResTime" : 361.0,
    "pct2ResTime" : 361.0,
    "pct3ResTime" : 361.0,
    "throughput" : 0.1576590780097118,
    "receivedKBytesPerSec" : 1.9208541574698872,
    "sentKBytesPerSec" : 0.05635080327300246
  }
}