timeStamp,elapsed,label,responseCode,responseMessage,threadName,dataType,success,failureMessage,bytes,sentBytes,grpThreads,allThreads,URL,Latency,IdleTime,Connect
1661259553677,655,Login/-140,508,Loop Detected,Thread Group 1-5,text,false,,493,356,5,5,http://automationpractice.com/,654,0,325
1661259554340,277,Login/index.php-141,508,Loop Detected,Thread Group 1-5,text,false,,492,365,5,5,http://automationpractice.com/index.php,277,0,0
1661259554618,306,Login/themes/default-bootstrap/css/modules/blockcurrencies/blockcurrencies.css-150,200,OK,Thread Group 1-5,text,true,,2116,381,5,5,http://automationpractice.com/themes/default-bootstrap/css/modules/blockcurrencies/blockcurrencies.css,306,0,0
1661259554926,253,Login/themes/default-bootstrap/css/autoload/responsive-tables.css-147,200,OK,Thread Group 1-5,text,true,,1674,368,5,5,http://automationpractice.com/themes/default-bootstrap/css/autoload/responsive-tables.css,253,0,0
1661259555180,361,Login/themes/default-bootstrap/css/autoload/uniform.default.css-148,200,OK,Thread Group 1-5,text,true,,12476,366,5,5,http://automationpractice.com/themes/default-bootstrap/css/autoload/uniform.default.css,361,0,0
1661259555542,303,Login/modules/blockfacebook/css/blockfacebook.css-151,200,OK,Thread Group 1-5,text,true,,281,352,5,5,http://automationpractice.com/modules/blockfacebook/css/blockfacebook.css,303,0,0
1661259555847,307,Login/themes/default-bootstrap/css/modules/blockcategories/blockcategories.css-149,200,OK,Thread Group 1-5,text,true,,3000,381,5,5,http://automationpractice.com/themes/default-bootstrap/css/modules/blockcategories/blockcategories.css,306,0,0
1661259556155,286,Login/themes/default-bootstrap/css/autoload/highdpi.css-146,200,OK,Thread Group 1-5,text,true,,580,358,5,5,http://automationpractice.com/themes/default-bootstrap/css/autoload/highdpi.css,286,0,0
1661259556443,325,Login/img/favicon.ico-152,200,OK,Thread Group 1-5,bin,true,,3248,342,5,5,http://automationpractice.com/img/favicon.ico?1461205423,325,0,0
1661259556770,1843,Login/themes/default-bootstrap/css/global.css-145,200,OK,Thread Group 1-5,text,true,,210868,348,5,5,http://automationpractice.com/themes/default-bootstrap/css/global.css,414,0,0
1661259553143,18175,Login/-140,200,OK,Thread Group 1-2,text,true,,82577,721,5,5,http://automationpractice.com/index.php,7674,0,372
1661259553143,7674,Login/-140-0,302,Moved,Thread Group 1-2,text,true,,306,356,5,5,http://automationpractice.com/,7674,0,372
1661259560818,10500,Login/-140-1,200,OK,Thread Group 1-2,text,true,,82271,365,5,5,http://automationpractice.com/index.php,9513,0,0
1661259558615,12913,SelectTshirts/index.php-155,200,OK,Thread Group 1-5,text,true,,56702,449,5,5,http://automationpractice.com/index.php?id_category=5&controller=category,12286,0,0
1661259553144,18401,Login/-140,200,OK,Thread Group 1-1,text,true,,82579,721,5,5,http://automationpractice.com/index.php,7897,0,342
1661259553144,7897,Login/-140-0,302,Moved,Thread Group 1-1,text,true,,306,356,5,5,http://automationpractice.com/,7897,0,342
1661259561041,10504,Login/-140-1,200,OK,Thread Group 1-1,text,true,,82273,365,5,5,http://automationpractice.com/index.php,9860,0,0
1661259571530,251,SelectTshirts/favicon.ico-156,200,OK,Thread Group 1-5,bin,true,,4531,361,5,5,http://automationpractice.com/favicon.ico,251,0,0
1661259553276,18648,Login/-140,200,OK,Thread Group 1-3,text,true,,82579,721,4,4,http://automationpractice.com/index.php,7382,0,216
1661259553276,7382,Login/-140-0,302,Moved,Thread Group 1-3,text,true,,306,356,4,4,http://automationpractice.com/,7382,0,216
1661259560663,11261,Login/-140-1,200,OK,Thread Group 1-3,text,true,,82273,365,4,4,http://automationpractice.com/index.php,10562,0,0
1661259553476,19052,Login/-140,200,OK,Thread Group 1-4,text,true,,82575,721,4,4,http://automationpractice.com/index.php,7757,0,260
1661259553476,7757,Login/-140-0,302,Moved,Thread Group 1-4,text,true,,306,356,4,4,http://automationpractice.com/,7757,0,260
1661259561234,11294,Login/-140-1,200,OK,Thread Group 1-4,text,true,,82269,365,4,4,http://automationpractice.com/index.php,10297,0,0
1661259572531,314,Login/index.php-141,508,Loop Detected,Thread Group 1-4,text,false,,492,365,4,4,http://automationpractice.com/index.php,314,0,0
1661259572846,307,Login/themes/default-bootstrap/css/modules/blockcurrencies/blockcurrencies.css-150,200,OK,Thread Group 1-4,text,true,,2116,381,4,4,http://automationpractice.com/themes/default-bootstrap/css/modules/blockcurrencies/blockcurrencies.css,306,0,0
1661259573154,262,Login/themes/default-bootstrap/css/autoload/responsive-tables.css-147,200,OK,Thread Group 1-4,text,true,,1674,368,4,4,http://automationpractice.com/themes/default-bootstrap/css/autoload/responsive-tables.css,262,0,0
1661259573418,349,Login/themes/default-bootstrap/css/autoload/uniform.default.css-148,200,OK,Thread Group 1-4,text,true,,12476,366,4,4,http://automationpractice.com/themes/default-bootstrap/css/autoload/uniform.default.css,349,0,0
1661259573769,262,Login/modules/blockfacebook/css/blockfacebook.css-151,200,OK,Thread Group 1-4,text,true,,281,352,4,4,http://automationpractice.com/modules/blockfacebook/css/blockfacebook.css,262,0,0
1661259574032,335,Login/themes/default-bootstrap/css/modules/blockcategories/blockcategories.css-149,200,OK,Thread Group 1-4,text,true,,3000,381,4,4,http://automationpractice.com/themes/default-bootstrap/css/modules/blockcategories/blockcategories.css,334,0,0
1661259574368,320,Login/themes/default-bootstrap/css/autoload/highdpi.css-146,200,OK,Thread Group 1-4,text,true,,580,358,4,4,http://automationpractice.com/themes/default-bootstrap/css/autoload/highdpi.css,320,0,0
1661259574690,262,Login/img/favicon.ico-152,200,OK,Thread Group 1-4,bin,true,,3248,342,4,4,http://automationpractice.com/img/favicon.ico?1461205423,262,0,0
1661259574953,1682,Login/themes/default-bootstrap/css/global.css-145,200,OK,Thread Group 1-4,text,true,,210868,348,4,4,http://automationpractice.com/themes/default-bootstrap/css/global.css,265,0,0
1661259576636,305,SelectTshirts/index.php-155,508,Loop Detected,Thread Group 1-4,text,false,,492,449,4,4,http://automationpractice.com/index.php?id_category=5&controller=category,305,0,0
1661259576942,270,SelectTshirts/favicon.ico-156,200,OK,Thread Group 1-4,bin,true,,4531,361,4,4,http://automationpractice.com/favicon.ico,270,0,0
1661259571323,12376,Login/index.php-141,200,OK,Thread Group 1-2,text,true,,82277,365,3,3,http://automationpractice.com/index.php,11557,0,0
1661259583700,317,Login/themes/default-bootstrap/css/modules/blockcurrencies/blockcurrencies.css-150,200,OK,Thread Group 1-2,text,true,,2116,381,3,3,http://automationpractice.com/themes/default-bootstrap/css/modules/blockcurrencies/blockcurrencies.css,317,0,0
1661259584019,350,Login/themes/default-bootstrap/css/autoload/responsive-tables.css-147,200,OK,Thread Group 1-2,text,true,,1674,368,3,3,http://automationpractice.com/themes/default-bootstrap/css/autoload/responsive-tables.css,350,0,0
1661259584370,357,Login/themes/default-bootstrap/css/autoload/uniform.default.css-148,200,OK,Thread Group 1-2,text,true,,12476,366,3,3,http://automationpractice.com/themes/default-bootstrap/css/autoload/uniform.default.css,357,0,0
1661259584729,304,Login/modules/blockfacebook/css/blockfacebook.css-151,200,OK,Thread Group 1-2,text,true,,281,352,3,3,http://automationpractice.com/modules/blockfacebook/css/blockfacebook.css,303,0,0
1661259585034,310,Login/themes/default-bootstrap/css/modules/blockcategories/blockcategories.css-149,200,OK,Thread Group 1-2,text,true,,3000,381,3,3,http://automationpractice.com/themes/default-bootstrap/css/modules/blockcategories/blockcategories.css,310,0,0
1661259585345,251,Login/themes/default-bootstrap/css/autoload/highdpi.css-146,200,OK,Thread Group 1-2,text,true,,580,358,3,3,http://automationpractice.com/themes/default-bootstrap/css/autoload/highdpi.css,251,0,0
1661259571925,13845,Login/index.php-141,200,OK,Thread Group 1-3,text,true,,82279,365,3,3,http://automationpractice.com/index.php,13106,0,0
1661259585597,248,Login/img/favicon.ico-152,200,OK,Thread Group 1-2,bin,true,,3248,342,3,3,http://automationpractice.com/img/favicon.ico?1461205423,248,0,0
1661259571547,14507,Login/index.php-141,200,OK,Thread Group 1-1,text,true,,82279,365,3,3,http://automationpractice.com/index.php,13689,0,0
1661259585771,284,Login/themes/default-bootstrap/css/modules/blockcurrencies/blockcurrencies.css-150,200,OK,Thread Group 1-3,text,true,,2116,381,3,3,http://automationpractice.com/themes/default-bootstrap/css/modules/blockcurrencies/blockcurrencies.css,284,0,0
1661259586056,309,Login/themes/default-bootstrap/css/autoload/responsive-tables.css-147,200,OK,Thread Group 1-3,text,true,,1674,368,3,3,http://automationpractice.com/themes/default-bootstrap/css/autoload/responsive-tables.css,309,0,0
1661259586055,310,Login/themes/default-bootstrap/css/modules/blockcurrencies/blockcurrencies.css-150,200,OK,Thread Group 1-1,text,true,,2116,381,3,3,http://automationpractice.com/themes/default-bootstrap/css/modules/blockcurrencies/blockcurrencies.css,310,0,0
1661259586367,308,Login/themes/default-bootstrap/css/autoload/uniform.default.css-148,200,OK,Thread Group 1-3,text,true,,12476,366,3,3,http://automationpractice.com/themes/default-bootstrap/css/autoload/uniform.default.css,307,0,0
1661259586367,308,Login/themes/default-bootstrap/css/autoload/responsive-tables.css-147,200,OK,Thread Group 1-1,text,true,,1674,368,3,3,http://automationpractice.com/themes/default-bootstrap/css/autoload/responsive-tables.css,308,0,0
1661259586676,218,Login/themes/default-bootstrap/css/autoload/uniform.default.css-148,200,OK,Thread Group 1-1,text,true,,12476,366,3,3,http://automationpractice.com/themes/default-bootstrap/css/autoload/uniform.default.css,218,0,0
1661259586676,273,Login/modules/blockfacebook/css/blockfacebook.css-151,200,OK,Thread Group 1-3,text,true,,281,352,3,3,http://automationpractice.com/modules/blockfacebook/css/blockfacebook.css,273,0,0
1661259586895,221,Login/modules/blockfacebook/css/blockfacebook.css-151,200,OK,Thread Group 1-1,text,true,,281,352,3,3,http://automationpractice.com/modules/blockfacebook/css/blockfacebook.css,220,0,0
1661259586951,225,Login/themes/default-bootstrap/css/modules/blockcategories/blockcategories.css-149,200,OK,Thread Group 1-3,text,true,,3000,381,3,3,http://automationpractice.com/themes/default-bootstrap/css/modules/blockcategories/blockcategories.css,225,0,0
1661259587116,270,Login/themes/default-bootstrap/css/modules/blockcategories/blockcategories.css-149,200,OK,Thread Group 1-1,text,true,,3000,381,3,3,http://automationpractice.com/themes/default-bootstrap/css/modules/blockcategories/blockcategories.css,270,0,0
1661259587177,222,Login/themes/default-bootstrap/css/autoload/highdpi.css-146,200,OK,Thread Group 1-3,text,true,,580,358,3,3,http://automationpractice.com/themes/default-bootstrap/css/autoload/highdpi.css,222,0,0
1661259585846,1563,Login/themes/default-bootstrap/css/global.css-145,200,OK,Thread Group 1-2,text,true,,210868,348,3,3,http://automationpractice.com/themes/default-bootstrap/css/global.css,248,0,0
1661259587387,305,Login/themes/default-bootstrap/css/autoload/highdpi.css-146,200,OK,Thread Group 1-1,text,true,,580,358,3,3,http://automationpractice.com/themes/default-bootstrap/css/autoload/highdpi.css,305,0,0
1661259587400,293,Login/img/favicon.ico-152,200,OK,Thread Group 1-3,bin,true,,3248,342,3,3,http://automationpractice.com/img/favicon.ico?1461205423,293,0,0
1661259587694,4,Login/themes/default-bootstrap/css/global.css-145,Non HTTP response code: org.apache.http.NoHttpResponseException,Non HTTP response message: automationpractice.com:80 failed to respond,Thread Group 1-3,text,false,,2091,0,3,3,http://automationpractice.com/themes/default-bootstrap/css/global.css,0,0,0
1661259587694,307,Login/img/favicon.ico-152,200,OK,Thread Group 1-1,bin,true,,3248,342,3,3,http://automationpractice.com/img/favicon.ico?1461205423,307,0,0
1661259588002,1843,Login/themes/default-bootstrap/css/global.css-145,200,OK,Thread Group 1-1,text,true,,210868,348,3,3,http://automationpractice.com/themes/default-bootstrap/css/global.css,308,0,0
1661259587410,8891,SelectTshirts/index.php-155,200,OK,Thread Group 1-2,text,true,,56711,449,3,3,http://automationpractice.com/index.php?id_category=5&controller=category,8271,0,0
1661259596302,302,SelectTshirts/favicon.ico-156,200,OK,Thread Group 1-2,bin,true,,4531,361,3,3,http://automationpractice.com/favicon.ico,302,0,0
1661259587702,9524,SelectTshirts/index.php-155,200,OK,Thread Group 1-3,text,true,,56734,449,2,2,http://automationpractice.com/index.php?id_category=5&controller=category,8901,0,299
1661259597227,299,SelectTshirts/favicon.ico-156,200,OK,Thread Group 1-3,bin,true,,4531,361,2,2,http://automationpractice.com/favicon.ico,299,0,0
1661259589846,8422,SelectTshirts/index.php-155,200,OK,Thread Group 1-1,text,true,,56715,449,1,1,http://automationpractice.com/index.php?id_category=5&controller=category,7988,0,0
1661259598269,279,SelectTshirts/favicon.ico-156,200,OK,Thread Group 1-1,bin,true,,4531,361,1,1,http://automationpractice.com/favicon.ico,279,0,0
